kaBP,depth,accrate,Erica,Allophylus,Acacia,Combretum,Commiphora,Cussonia,Dobera,Lannea,Macaranga,Olea,Podocarpus,Phoenix,Rhus,Securinega,Teclea,Zanthoxylum,Melastomataceae,Cassia,Capparidaceae,Maytenus,Acalypha,Euphorbia,Euphorbiacea,Phyllantus,Tamarindus,Buxus,Psydrax,Celastraceae,Celtis,Alchornea,Dodonaea,Ekebergia,Ephedra,Ficus,Ilex,Clematis,Euclea,Hagenia,Juniperus,Myrica,Myrsine,Rapanea,Rosa,Schefflera,Hypoestes,Hypericum,Anthospermum,Alchemilla,Aloe,Chenopodiaceae,Artemisia,Cichoroideae,Aster,Asteroideae,Carduus,Cerastium,Cerealia,Plantago,Poaceae,Asteraceae,Vernonia,Rumex,Polygonum,Solanum,Tribulus,Apiaceae,Urticaceae,Ziziphus,Brucea,Ricinus,Sapotaceae,Iridaceae,Asphodellus,Anthyllis,Leguminosae,Galium,Rubiaceae,Brassicaceae,Acanthus,Blepharis,Justicia,Caryophylaceae,Chorcorus,Satureja,Swertia,Senecio,Heliotropium,Kohautia,Indigofera,Lamiaceae,Ranunculus,Thalictrum,Callytriche,Monoletes,Triletes,Cyperaceae,Typha,Botryococcus,Undetermined,Lycopodium,Lyc.conc
0.094,60,19,5,0,0,3,5,5,1,2,0,8,60,0,2,0,0,2,0,0,0,1,0,0,0,0,0,0,0,0,0,0,2,0,1,0,0,2,0,16,142,5,1,2,1,0,0,4,3,10,0,14,3,0,2,18,26,0,5,111,102,18,0,9,2,1,1,3,6,0,0,0,0,0,0,0,5,1,1,0,0,0,1,1,1,0,0,4,1,0,0,0,2,1,0,0,0,8,0,473,3,294,31272
0.17,64,20,8,0,0,5,2,1,0,2,4,43,60,0,2,0,0,0,0,0,0,2,0,0,0,0,0,0,0,0,0,0,10,0,0,0,0,0,0,32,140,4,0,0,0,0,0,5,4,10,0,19,3,0,0,21,26,0,2,200,127,23,0,9,3,2,0,4,3,0,0,0,0,3,0,0,5,1,1,0,0,1,0,3,1,1,0,5,0,1,0,4,2,1,0,3,0,9,1,624,5,118,31272
0.228,67,19,7,0,0,3,2,5,0,4,0,10,77,0,0,1,0,0,2,0,0,1,0,0,0,0,0,0,0,0,0,0,19,0,0,1,0,0,0,26,156,2,1,1,3,0,0,2,7,4,0,14,0,0,1,17,28,0,1,4,98,5,0,12,4,1,2,4,4,0,0,0,0,2,0,1,4,1,0,2,1,1,0,4,0,1,0,2,0,0,1,4,1,0,1,2,1,11,0,421,5,124,31272
0.265,69,20,14,0,0,2,1,3,0,0,2,22,89,0,3,0,0,0,0,0,0,0,0,0,0,0,0,0,0,0,0,0,14,0,0,0,0,0,0,28,150,5,2,0,0,0,0,3,9,10,1,5,4,0,0,9,19,0,4,11,117,3,0,11,5,1,2,3,1,0,0,0,0,3,0,0,1,0,1,1,0,1,0,4,0,1,0,5,0,1,1,0,0,1,0,2,3,17,1,606,1,365,31272
0.304,71,18,20,0,0,2,1,1,0,4,2,26,57,0,3,0,0,0,1,0,0,0,0,0,0,0,0,0,0,0,0,0,16,0,0,0,0,0,0,20,137,5,2,1,0,0,0,5,6,2,1,3,4,0,0,14,16,0,3,11,225,3,0,8,0,1,2,3,5,0,0,0,0,4,0,0,2,1,0,2,0,0,0,4,0,0,1,2,1,0,0,1,2,0,0,1,3,14,0,665,5,215,31272
0.436,78,18,34,0,0,4,3,0,0,1,1,30,92,0,0,0,0,0,0,1,0,0,0,0,0,0,0,0,0,0,0,0,16,0,0,0,0,0,0,18,176,5,0,2,0,0,0,4,6,0,2,1,0,0,1,10,26,0,5,14,190,4,0,11,3,0,1,8,5,0,0,1,0,2,0,0,0,0,0,2,1,1,2,2,1,1,0,1,1,1,1,4,1,0,1,5,2,8,0,670,2,217,31272
0.473,80,19,19,0,0,5,4,5,0,1,1,37,86,0,0,0,0,0,2,0,1,0,2,0,1,0,0,0,0,0,0,0,16,0,0,0,0,0,1,24,159,0,1,1,0,0,0,3,5,10,1,2,2,0,0,7,27,0,6,10,226,3,1,12,0,1,0,2,5,0,0,0,0,5,0,1,0,0,0,2,0,1,0,3,1,0,1,0,0,0,0,2,0,0,0,1,3,18,0,539,1,210,31272
0.511,82,18,17,0,0,2,4,2,4,1,3,6,86,0,0,0,0,0,1,1,0,0,0,1,0,0,0,0,0,0,1,0,16,0,0,0,0,0,1,37,164,3,1,2,0,0,0,4,7,8,1,0,4,0,1,13,23,0,1,2,231,16,0,3,3,0,0,4,3,0,0,0,0,0,0,0,1,1,1,0,0,0,2,2,0,1,1,3,0,0,0,2,1,0,1,1,4,20,1,570,3,206,31272
0.567,85,19,32,0,0,2,1,0,2,2,0,30,96,0,0,0,0,0,2,0,0,0,0,0,0,0,0,0,0,0,1,0,20,0,0,0,1,0,1,22,169,1,1,0,3,0,0,5,9,2,0,3,0,0,0,17,26,0,2,9,211,10,0,5,3,0,0,5,2,0,0,0,0,4,0,1,4,0,1,2,0,0,1,0,0,1,0,1,0,0,0,4,2,1,0,5,0,18,1,585,4,198,31272
0.605,87,19,28,0,0,2,0,4,1,0,2,42,98,0,0,0,0,0,1,2,0,1,0,0,0,0,0,0,0,0,0,1,17,1,0,0,0,0,1,18,144,2,0,0,0,0,0,3,3,7,2,3,2,0,0,23,23,0,2,13,215,13,0,4,1,0,0,0,3,0,0,0,0,5,0,1,4,1,1,1,1,1,2,5,1,1,1,0,1,1,0,3,2,0,0,2,4,13,0,321,5,185,31272
0.679,91,17,44,0,0,5,3,4,2,3,3,36,63,0,0,0,0,0,2,0,0,0,0,0,0,0,0,0,0,0,1,0,14,0,0,1,0,0,0,22,144,0,1,0,0,0,0,5,1,10,1,0,3,1,1,4,19,0,4,10,231,5,0,0,4,0,0,3,3,0,0,0,0,3,0,1,2,0,0,1,1,1,0,0,1,1,1,0,0,1,1,4,0,0,0,2,1,5,1,125,1,278,31272
0.714,93,16,54,0,0,2,1,5,1,0,4,27,65,0,0,0,0,0,1,0,0,0,0,0,0,0,0,0,0,0,2,0,16,0,0,0,0,0,0,15,167,2,1,0,0,0,0,4,9,5,2,3,1,1,1,7,23,0,2,4,186,13,0,5,2,0,0,1,7,0,0,0,0,2,0,1,3,0,0,0,0,1,0,0,1,1,0,4,1,0,1,2,0,1,1,1,4,7,0,214,1,321,31272
0.746,95,17,65,0,0,3,4,5,1,2,4,30,84,0,2,0,0,0,2,0,0,0,0,0,0,0,0,0,0,0,1,0,29,0,0,0,0,0,0,19,155,1,0,2,2,0,0,5,7,1,0,5,1,2,2,9,26,0,4,10,233,8,0,3,4,0,0,1,2,0,0,0,0,0,0,0,2,0,0,1,0,1,0,2,0,0,0,4,1,1,0,5,1,1,0,4,0,20,0,356,3,401,31272
0.763,96,16,112,0,0,4,3,5,5,0,2,31,71,0,2,0,1,0,1,0,0,0,0,0,0,0,0,0,0,0,2,0,25,0,0,0,0,0,0,37,138,3,1,0,0,0,0,3,6,4,0,4,2,1,0,13,17,0,0,8,181,8,0,0,5,2,0,7,2,0,0,0,0,3,0,0,3,1,1,1,0,1,0,0,1,0,0,1,0,0,1,3,0,0,1,3,1,9,1,639,4,389,31272
0.796,98,16,67,0,0,3,2,3,1,1,1,9,69,0,0,0,0,1,2,1,0,0,0,0,0,0,0,0,0,0,1,0,26,0,0,0,0,0,0,15,159,2,1,2,0,0,0,4,1,3,0,6,2,0,2,1,16,0,0,14,108,7,0,5,3,1,0,3,2,0,0,0,0,0,0,1,4,1,1,2,0,1,1,3,0,1,1,2,0,0,0,0,0,1,0,0,2,6,1,533,0,217,31272
0.925,105,19,47,0,0,2,2,0,3,1,3,47,58,0,1,0,0,0,1,0,0,0,0,0,0,0,0,0,0,0,1,0,27,0,0,0,0,0,0,25,151,5,2,1,0,0,0,2,0,8,2,13,2,0,0,10,19,0,1,9,111,8,0,5,3,0,0,8,5,0,0,0,0,1,0,1,5,0,0,2,0,1,2,0,0,0,1,0,1,1,1,3,2,1,0,3,4,7,1,532,3,435,31272
0.976,108,17,32,0,0,4,3,0,2,5,1,0,54,0,1,0,0,0,0,0,0,0,0,0,0,0,0,0,0,0,1,0,26,0,1,0,0,0,0,34,168,5,1,2,2,0,0,3,1,1,0,14,4,0,2,6,28,0,1,4,123,16,0,5,5,0,0,3,8,0,0,0,0,3,0,1,0,1,0,0,1,0,1,0,0,1,0,0,1,0,1,4,1,0,1,2,2,8,1,141,3,145,31272
0.993,109,17,40,0,0,3,1,3,2,2,5,42,66,0,1,0,0,0,0,0,0,0,0,0,0,0,0,0,0,0,1,0,25,0,0,0,0,0,0,22,24,2,0,2,0,0,0,5,3,10,1,9,3,0,0,0,22,0,1,12,108,12,0,2,4,0,0,4,3,0,0,0,0,1,0,1,2,0,1,1,0,1,2,4,1,0,1,3,0,1,1,2,0,0,0,1,3,20,0,111,3,164,31272
1.043,112,17,48,0,0,2,3,1,1,2,5,10,76,0,1,0,0,0,2,0,0,0,0,0,0,0,0,0,0,0,1,0,28,0,0,0,1,0,0,10,15,0,0,0,0,0,0,1,7,9,0,11,1,0,1,22,25,0,2,11,121,7,0,4,4,0,0,5,4,0,0,0,0,4,0,0,4,1,1,2,0,1,2,3,0,1,1,3,0,1,1,0,1,1,1,2,3,8,1,179,3,187,31272
1.093,115,16,25,0,0,1,4,1,0,0,0,2,78,0,2,0,0,0,0,0,0,2,0,2,2,0,0,0,0,0,2,0,9,0,0,0,0,0,0,26,14,0,1,1,0,0,0,2,3,10,1,13,0,0,0,13,22,0,1,10,113,14,0,0,4,0,0,5,8,0,0,0,0,1,0,1,0,1,1,0,1,1,2,5,0,1,0,1,1,1,0,2,2,0,0,1,2,8,0,174,3,210,31272
1.14,118,17,24,0,0,2,5,0,2,0,3,15,65,0,1,0,0,0,2,0,0,0,0,0,0,0,0,0,0,0,1,0,7,0,0,0,0,0,0,34,24,0,0,1,1,0,0,4,9,12,0,8,1,1,0,1,19,0,1,10,118,13,0,1,5,1,0,1,5,0,0,0,0,3,0,0,1,0,1,2,0,0,2,4,1,1,0,1,0,0,1,2,2,1,1,4,1,5,1,138,4,167,31272
1.187,121,16,36,0,3,0,1,0,0,0,0,12,89,0,2,0,0,0,2,2,0,0,0,0,0,0,0,0,0,0,2,0,5,0,2,0,0,0,0,21,24,2,1,1,0,0,0,3,10,10,2,5,5,0,1,12,22,0,0,12,114,3,0,5,4,2,0,3,3,0,1,0,0,1,0,0,1,0,1,0,0,0,1,0,1,1,0,4,1,1,1,2,0,1,1,0,1,6,0,155,5,298,31272
1.263,126,16,48,0,2,3,2,0,0,1,0,8,52,0,3,0,0,0,1,0,0,0,0,0,0,0,0,0,0,0,0,0,6,0,0,0,0,0,0,11,24,0,1,2,0,0,0,4,9,19,1,6,4,0,1,0,17,0,0,1,104,10,0,5,3,0,0,5,2,0,0,0,0,5,0,0,3,0,0,1,0,1,0,2,0,1,0,1,1,0,0,5,2,1,1,2,3,9,0,133,3,310,31272
1.388,134,14,22,0,2,5,2,0,0,0,0,4,55,0,1,0,0,0,2,0,0,2,0,0,0,0,0,0,0,0,0,1,8,1,0,0,0,0,0,19,14,5,1,0,0,0,0,5,0,21,2,4,5,0,1,7,23,0,1,8,107,13,0,4,0,0,0,3,1,0,0,0,0,5,0,0,4,1,1,1,1,0,1,5,0,1,1,2,0,0,0,0,0,0,1,5,0,17,1,206,2,245,31272
1.444,138,13,18,0,0,5,4,0,0,0,0,7,56,0,3,0,0,0,0,0,0,0,1,0,0,0,0,0,0,0,0,0,10,0,2,0,0,0,0,11,17,4,2,0,0,0,0,3,2,18,2,3,3,0,1,2,27,0,0,8,79,1,0,0,5,0,0,4,3,0,0,0,0,4,0,0,3,0,1,1,0,0,1,0,0,0,0,5,0,0,1,4,2,0,0,3,1,14,0,169,0,168,31272
1.524,144,12,34,0,0,3,2,0,0,0,0,3,50,0,2,0,0,0,0,0,0,0,0,0,0,0,0,0,0,0,0,0,8,0,0,0,0,0,0,25,25,4,2,0,0,0,0,2,6,5,2,4,4,1,0,19,27,0,0,3,75,1,1,4,1,0,0,3,2,0,0,0,0,4,0,0,3,0,1,2,1,0,0,3,1,1,1,2,0,0,1,4,2,1,0,4,4,15,1,155,5,199,31272
1.574,148,14,33,0,0,2,4,0,0,0,0,6,51,0,1,0,0,2,2,0,1,0,0,0,0,0,0,0,0,0,0,0,9,0,0,1,1,0,0,29,17,1,1,1,0,0,0,1,9,12,1,2,1,1,1,15,22,0,0,12,82,7,0,3,1,1,0,8,1,0,0,0,0,0,0,1,4,0,1,0,0,1,2,0,0,1,0,1,1,1,1,4,1,1,1,4,5,8,1,611,3,210,31272
1.63,152,14,25,0,0,0,0,2,0,0,1,4,50,0,1,0,0,1,0,0,0,0,0,0,0,0,0,0,0,0,0,0,8,0,0,0,0,0,0,33,19,0,0,1,0,0,0,3,3,11,2,3,5,0,1,18,19,0,0,3,85,9,0,5,1,0,0,0,4,0,0,0,0,4,0,0,5,1,0,0,0,1,0,5,0,1,1,5,1,0,1,1,0,1,0,2,3,5,1,678,1,131,31272
1.659,154,13,37,0,0,3,1,0,0,0,0,8,92,0,0,0,0,0,0,0,0,0,0,0,0,0,0,0,0,0,0,0,7,0,1,0,0,0,0,17,18,5,1,0,0,0,0,4,10,1,1,1,0,0,0,2,25,0,0,11,114,14,0,2,1,0,0,1,5,0,0,0,0,5,0,1,3,1,1,1,0,0,0,5,0,1,1,0,1,0,1,5,0,1,1,2,0,6,1,598,5,200,31272
1.672,155,14,39,0,0,3,2,0,0,0,0,1,53,0,0,0,0,0,2,0,0,0,0,0,1,0,0,0,0,0,0,0,5,0,0,0,0,0,0,39,18,2,2,1,1,0,0,2,10,7,2,7,4,0,0,4,27,0,0,11,111,0,0,2,1,0,0,2,4,0,0,0,0,3,0,1,0,1,1,1,1,1,0,0,1,0,1,4,0,1,0,0,2,0,1,2,0,16,0,864,5,284,31272
1.701,157,18,31,0,0,2,1,0,0,0,0,8,87,0,0,0,0,0,1,0,0,1,0,0,0,0,0,0,0,0,0,0,8,0,0,0,0,0,0,39,40,4,2,1,0,0,0,4,4,11,1,8,3,0,2,1,16,0,0,4,91,9,0,4,2,0,0,8,3,0,0,0,0,5,0,0,3,0,1,2,1,0,0,1,0,1,0,5,1,0,0,5,0,0,0,0,4,7,1,891,5,128,31272
1.734,159,14,17,0,0,0,1,0,0,0,0,6,68,0,0,0,0,0,2,0,0,0,0,0,0,0,0,0,0,0,0,0,7,0,0,0,0,0,0,19,70,1,0,0,0,0,0,3,8,0,2,7,3,1,0,4,18,0,0,3,83,2,0,0,0,0,0,10,4,0,0,0,0,0,0,0,4,1,1,2,1,1,2,2,0,0,0,5,0,1,1,1,2,1,0,3,1,16,1,1068,5,100,31272
1.778,162,16,42,0,0,3,5,0,0,0,0,3,67,0,0,0,0,0,0,0,0,1,0,0,0,0,0,0,0,0,0,0,7,0,0,0,0,0,0,17,73,0,1,1,0,0,0,2,2,3,0,6,2,1,0,2,18,0,0,7,92,12,0,4,0,0,0,3,0,0,0,0,0,5,0,0,2,0,0,2,1,1,2,0,1,1,0,1,0,1,1,3,0,1,1,0,2,14,1,451,0,201,31272
1.855,167,17,38,0,0,7,4,0,0,0,0,16,64,0,0,0,0,0,2,0,0,0,0,1,0,0,0,0,0,0,0,0,7,0,0,0,0,0,0,22,63,0,1,1,0,0,0,3,7,7,1,5,2,1,0,2,26,0,0,9,92,11,0,0,0,0,0,3,0,0,0,0,0,1,0,1,3,1,1,1,0,0,2,5,1,0,0,1,0,1,0,2,1,1,0,1,5,12,0,432,1,78,31272
1.934,172,17,25,0,0,8,1,0,0,0,0,15,84,0,0,0,0,0,2,0,0,0,0,0,0,0,0,0,0,0,0,1,5,1,0,0,0,1,0,30,40,0,0,1,0,0,0,3,10,1,2,5,5,0,1,5,20,0,0,9,69,1,0,0,1,0,0,10,0,0,0,0,0,3,0,1,5,1,0,1,0,0,2,0,1,1,0,0,0,0,0,3,1,1,0,5,1,10,0,1107,5,86,31272
1.996,176,15,4,0,0,7,2,0,0,0,0,16,64,0,0,0,0,0,1,0,2,0,0,0,0,0,0,0,0,0,0,1,9,1,2,0,0,1,0,28,52,2,2,0,0,0,0,4,3,7,0,7,0,2,1,2,18,0,0,11,70,16,0,0,0,0,0,3,0,0,0,0,0,2,0,0,4,1,0,0,0,1,1,2,1,1,1,2,0,0,0,1,0,0,0,5,3,16,0,883,5,100,31272
2.011,177,15,10,0,0,9,1,0,0,0,0,11,79,0,0,0,0,0,1,0,0,0,0,0,0,0,0,0,0,0,0,0,5,0,0,1,0,0,0,22,51,1,2,1,0,0,0,4,2,6,0,7,3,1,2,3,26,0,0,7,69,11,0,0,2,0,0,1,0,0,0,0,0,2,0,1,1,1,0,2,0,1,1,0,1,0,0,0,1,0,0,4,0,0,0,4,1,16,1,930,1,115,31272
2.057,180,12,72,0,0,8,0,0,0,0,0,12,68,0,2,0,0,0,0,0,0,0,0,0,0,0,0,0,0,0,0,0,10,0,0,0,0,1,0,27,63,3,1,1,0,0,0,3,6,12,2,7,3,6,2,0,21,0,0,5,65,2,0,0,2,0,0,0,0,0,0,0,0,0,0,1,5,1,1,1,0,0,1,2,1,1,0,0,1,0,0,1,2,1,1,0,3,5,1,980,4,197,31272
2.069,181,14,56,0,0,5,0,0,0,0,0,20,86,0,1,0,0,0,0,0,0,0,0,0,0,0,0,0,0,0,0,0,7,0,0,0,0,0,0,31,61,1,0,1,0,0,0,4,5,9,1,5,0,5,1,4,20,0,0,3,59,8,1,0,0,1,0,8,0,0,0,0,0,5,0,1,2,0,0,2,0,0,1,3,0,1,0,3,0,0,0,4,2,1,0,3,1,5,0,985,2,230,31272
2.083,182,14,30,0,0,7,0,0,0,0,0,15,91,0,0,0,0,0,2,0,0,0,0,0,0,0,0,0,0,0,0,0,10,0,0,0,0,1,0,40,60,2,1,1,0,0,0,5,3,3,0,5,0,2,2,2,19,0,0,2,75,16,0,0,0,0,0,3,2,0,0,0,0,1,0,1,4,1,1,0,1,1,0,0,0,0,0,5,0,1,0,3,0,0,1,3,2,9,0,1081,3,103,31272
2.097,183,14,11,0,0,7,0,0,0,0,0,17,96,0,0,0,0,0,0,1,0,1,0,0,2,0,0,0,0,0,0,0,6,0,2,0,0,1,0,29,77,0,1,1,0,0,0,5,6,3,0,5,2,2,2,4,24,0,0,3,73,6,0,0,0,0,0,0,1,0,0,0,0,3,0,1,5,0,0,2,0,1,0,1,0,1,1,0,1,0,1,4,2,1,0,5,5,16,1,436,0,128,31272
2.111,184,14,13,0,0,7,0,0,0,0,0,18,83,0,1,0,0,1,2,0,0,0,0,0,0,0,0,0,0,0,0,0,5,0,0,0,0,0,0,29,81,3,1,0,0,0,0,1,0,9,0,5,3,4,1,3,4,0,0,5,58,16,0,0,0,2,0,6,0,0,0,0,0,2,0,1,1,1,1,1,0,1,2,2,1,0,0,0,1,1,1,2,1,0,1,0,5,20,0,958,3,75,31272
2.125,185,14,36,0,0,10,0,0,0,0,0,11,87,0,1,0,0,0,2,0,0,0,0,0,0,0,0,0,0,0,0,0,7,0,1,0,0,0,0,29,41,2,0,1,0,0,0,5,7,11,0,8,1,4,2,3,4,0,0,5,34,1,0,0,0,0,0,4,0,0,0,0,0,1,0,0,0,1,1,0,0,0,1,2,1,1,0,1,0,1,0,3,2,1,0,5,2,14,0,1099,5,98,31272
2.139,186,12,28,0,0,8,0,0,0,0,0,18,95,0,0,0,0,0,2,0,1,0,0,0,0,0,0,0,0,0,0,0,7,0,0,0,0,0,0,22,62,4,0,1,0,0,0,1,3,7,0,8,0,3,1,3,2,0,0,1,86,0,0,0,0,0,0,9,2,0,0,0,0,5,0,0,3,1,1,1,0,1,2,5,0,1,0,2,0,0,0,4,2,1,1,5,5,16,0,1127,1,114,31272
2.151,187,15,17,0,0,10,0,0,0,0,0,19,85,0,0,0,0,0,2,0,2,0,0,0,0,0,0,0,0,0,0,0,9,0,0,0,0,0,0,16,90,5,0,2,0,0,0,2,2,8,0,5,0,4,1,2,0,0,0,2,68,17,0,0,0,0,0,9,0,0,0,0,0,4,0,1,3,0,1,1,0,0,1,1,1,1,0,3,0,0,1,2,1,1,1,4,3,6,0,1146,0,56,31272
2.166,188,14,21,0,0,8,0,0,0,0,0,10,83,0,1,0,0,0,1,0,1,2,0,0,0,0,0,0,0,0,0,1,7,1,0,0,0,0,0,40,92,1,2,2,2,0,0,2,9,5,0,5,4,1,2,1,4,0,0,3,31,5,0,0,0,0,1,2,0,0,0,0,0,0,0,0,4,0,1,1,1,0,1,2,1,0,0,0,1,0,0,2,2,1,1,2,5,10,0,1108,1,201,31272
2.18,189,15,15,0,0,7,1,0,0,0,0,20,82,0,0,0,0,0,1,0,0,0,1,0,0,0,0,0,0,0,0,1,8,1,0,1,0,0,0,30,107,2,2,0,0,0,0,1,3,4,0,7,3,5,2,3,3,0,0,4,68,15,0,0,0,0,0,5,0,0,0,0,0,4,0,0,3,0,0,0,0,1,0,5,1,1,0,2,1,0,0,0,1,1,1,3,3,11,0,955,4,100,31272
2.195,190,16,2,0,0,5,0,0,0,0,0,18,97,0,0,0,0,0,1,0,0,0,0,0,0,0,0,0,0,0,0,1,9,1,1,0,0,0,0,20,109,0,2,1,0,0,1,4,2,1,0,4,5,2,0,4,0,0,0,5,62,15,1,0,0,0,0,8,1,0,0,0,0,1,0,0,5,1,0,0,0,0,0,2,0,0,0,2,0,0,0,0,2,0,1,0,3,13,1,1061,5,230,31272
2.211,191,15,4,0,0,9,0,0,0,0,0,20,86,0,1,0,0,0,0,0,0,0,0,0,1,0,0,0,0,0,0,1,7,1,0,1,0,0,0,20,100,5,2,1,0,0,0,2,0,12,2,7,4,6,0,4,5,0,0,4,73,3,1,0,0,0,0,8,3,0,0,0,0,4,0,1,2,1,1,2,1,0,2,2,1,1,0,0,0,1,0,4,2,1,1,5,3,15,0,758,3,35,31272
2.226,192,16,15,0,0,6,0,0,0,0,0,15,89,0,1,0,0,0,0,0,0,3,0,0,0,0,0,0,0,0,0,0,10,0,0,2,0,0,0,37,99,3,2,2,0,0,0,4,8,3,1,5,0,2,2,4,4,0,0,3,24,5,1,0,0,1,0,2,0,0,0,0,0,4,0,0,3,1,0,2,0,1,0,3,0,0,1,3,0,0,1,3,1,0,1,5,4,7,0,410,1,108,31272
2.242,193,14,32,0,0,10,0,0,0,0,0,20,80,0,1,0,0,0,0,0,0,0,0,0,0,0,0,0,0,0,0,0,6,0,0,1,0,0,0,26,100,3,0,2,0,0,0,4,8,2,0,5,0,0,2,2,4,0,0,0,30,3,1,0,0,1,0,10,4,0,0,0,0,4,0,0,0,1,0,0,1,1,2,5,1,1,1,1,0,0,0,1,2,1,1,1,5,17,1,125,4,101,31272
2.316,198,13,5,0,0,8,0,0,0,0,0,10,81,0,1,0,0,0,0,0,0,0,0,0,0,0,0,0,0,0,0,0,10,0,0,0,0,0,0,31,98,5,0,1,0,1,0,1,11,8,0,4,1,4,1,1,4,0,0,4,45,5,1,0,0,1,0,12,0,0,0,0,0,4,0,0,5,0,0,0,0,0,0,4,1,0,1,1,0,1,1,0,0,1,0,2,0,19,0,994,2,198,31272
2.409,205,13,10,0,0,8,0,0,0,0,0,18,86,0,0,0,0,0,0,0,0,0,0,0,0,0,0,0,0,0,0,0,6,0,1,0,0,0,0,19,105,0,0,2,0,0,0,4,2,5,0,7,4,6,1,2,1,0,0,3,90,8,0,0,0,1,0,0,0,0,0,0,0,1,0,1,2,1,1,1,1,1,2,0,1,0,0,3,0,1,1,0,0,0,1,2,4,17,0,1117,0,118,31272
2.505,212,13,8,0,0,8,0,0,0,0,0,13,82,0,1,0,0,0,0,0,0,0,0,0,0,0,0,0,0,0,0,0,5,0,0,0,0,0,0,23,104,5,0,1,0,0,0,1,10,12,0,5,4,2,0,1,5,0,0,4,31,9,0,0,0,0,0,2,0,0,0,0,0,2,0,0,5,0,0,1,0,1,1,4,1,0,0,2,1,0,0,3,0,1,1,3,0,16,0,1045,4,185,31272
2.631,221,12,19,0,0,11,0,0,0,0,0,20,54,0,0,0,0,0,0,0,0,0,0,1,0,0,0,0,0,0,0,0,5,0,0,0,0,0,0,28,110,4,2,2,0,0,0,3,5,8,0,6,0,5,0,2,2,0,0,4,94,4,0,0,0,0,0,0,0,0,0,0,0,1,0,0,2,1,1,2,0,1,0,1,0,0,0,5,0,0,0,5,1,0,0,4,5,20,1,1012,5,123,31272
2.723,228,11,14,0,0,13,0,0,0,0,0,17,40,0,0,0,0,1,0,0,0,0,0,0,1,0,0,0,0,0,0,0,10,0,0,2,0,0,0,35,92,4,1,0,0,0,0,5,9,3,0,6,4,3,1,0,4,0,0,5,72,10,0,0,0,0,0,13,0,0,0,0,0,2,0,0,2,1,0,2,0,1,1,3,1,0,0,4,0,0,0,5,0,0,1,4,2,5,1,868,5,221,31272
2.787,234,11,9,0,0,11,0,0,0,0,0,15,54,0,0,0,0,0,0,0,2,0,0,0,0,0,0,0,0,0,0,0,7,0,0,0,0,0,0,14,27,5,2,1,0,0,0,1,0,1,0,7,3,6,0,0,4,0,0,2,40,3,0,0,0,0,0,1,0,0,0,0,0,1,0,0,3,1,1,1,0,1,1,1,1,0,0,5,1,1,1,5,0,0,1,4,1,10,0,1102,1,84,31272
2.82,237,11,12,0,0,12,0,0,0,0,0,16,38,0,1,0,0,0,0,0,2,0,0,0,0,0,0,0,0,0,0,1,9,1,0,0,0,0,0,37,57,5,1,2,0,0,0,2,7,9,0,4,4,3,0,3,0,0,0,4,64,12,1,0,0,0,0,3,0,0,0,0,0,0,0,0,5,1,0,2,1,1,2,2,1,0,1,0,1,0,0,0,0,1,1,0,3,15,1,789,3,105,31272
2.867,241,15,21,0,0,13,0,0,0,0,0,14,51,0,1,0,1,0,0,0,2,0,0,0,0,0,0,0,0,0,0,0,7,0,0,0,0,0,0,18,59,3,2,1,1,0,0,5,12,8,0,5,1,6,1,0,2,0,0,1,70,17,1,0,0,0,0,3,0,0,0,0,0,3,0,0,1,1,0,0,1,1,0,1,1,1,0,5,0,0,0,3,0,1,1,0,3,5,1,1047,4,356,31272
2.948,246,0,32,0,0,12,0,0,0,0,0,20,41,0,0,0,0,0,0,0,1,0,0,0,0,0,0,0,0,0,0,0,5,0,2,0,0,0,0,16,24,3,0,2,0,0,0,1,8,12,1,4,4,1,0,1,2,0,0,5,33,15,1,0,0,0,0,10,0,0,0,0,0,1,0,0,5,1,1,0,0,0,0,2,0,1,0,2,1,0,0,3,1,0,1,4,1,12,0,1081,1,147,31272
3.067,253,17,26,2,0,14,0,0,0,0,0,13,32,0,0,0,0,0,0,0,1,0,0,0,0,0,0,0,0,0,0,0,9,0,0,0,0,0,0,15,23,2,0,1,0,1,1,4,9,2,2,4,0,1,0,1,5,0,0,1,94,17,1,0,0,0,0,4,0,0,0,0,0,1,0,0,1,0,1,2,0,1,2,1,0,1,0,5,1,0,1,3,1,0,0,4,3,10,0,1015,1,102,31272
3.273,265,16,14,4,0,14,0,0,0,0,0,11,36,0,1,0,0,0,0,0,2,0,0,0,0,0,0,0,0,0,0,0,5,0,0,0,0,0,0,17,31,5,1,1,0,0,0,1,2,0,0,8,2,6,1,1,5,0,0,1,78,15,0,0,0,0,0,11,0,0,0,0,0,1,0,0,4,1,1,0,0,1,2,3,0,1,1,0,0,0,0,0,2,0,0,4,2,17,0,803,0,136,31272
3.402,275,12,18,5,0,12,0,0,0,0,0,18,44,0,1,0,0,0,0,0,1,0,0,0,0,0,0,0,0,0,0,0,10,0,0,0,0,0,0,18,35,3,1,1,0,0,0,1,3,1,0,4,4,6,1,2,0,0,0,2,68,4,0,0,0,0,0,9,0,0,0,0,0,0,0,1,4,1,1,0,1,1,0,1,0,1,0,4,1,1,1,5,1,1,0,0,2,5,0,1067,5,123,31272
3.45,279,12,21,2,0,11,0,0,0,0,0,21,60,0,1,0,0,0,0,0,2,0,0,0,0,0,0,0,0,0,0,0,5,0,1,0,0,0,0,18,28,0,0,1,0,1,0,2,6,4,0,6,0,6,1,2,0,0,0,2,62,16,0,0,0,0,0,3,0,0,0,0,0,5,0,1,4,0,1,2,1,0,1,2,1,0,0,3,1,0,1,1,1,1,1,4,0,13,0,805,3,143,31272
3.485,282,13,36,1,0,14,0,0,0,0,0,14,47,0,0,0,0,0,0,0,1,0,0,0,0,0,0,0,0,0,0,0,10,0,0,0,0,0,0,19,21,3,1,2,1,0,0,7,9,12,0,5,2,5,1,5,0,0,0,2,67,15,0,0,0,0,0,3,0,0,0,0,0,0,0,0,5,0,1,2,1,0,2,4,1,0,1,3,1,1,0,3,1,1,1,0,3,16,0,1142,0,185,31272
3.536,286,13,10,2,0,11,0,0,0,0,0,14,48,0,1,0,0,0,0,0,0,0,0,0,0,0,0,0,0,0,0,0,7,0,0,0,0,0,0,12,59,2,2,0,2,0,0,1,3,7,0,5,4,5,0,0,0,0,0,3,79,0,0,0,0,0,0,1,0,0,0,0,0,3,0,0,1,0,0,0,1,0,2,1,0,1,0,0,0,1,1,4,2,0,1,5,1,14,1,1143,1,200,31272
3.575,289,15,8,1,0,10,0,0,0,0,0,19,32,0,1,0,0,0,0,0,0,0,1,0,0,0,0,0,0,0,0,0,9,0,0,0,0,0,0,20,39,2,1,2,1,0,0,2,6,9,0,8,2,0,0,2,0,0,0,4,79,2,0,0,0,0,0,1,1,0,0,0,0,1,0,0,0,0,0,0,0,1,0,2,0,1,0,0,0,1,1,5,1,0,0,1,4,10,0,1775,1,210,31272
3.622,293,12,5,5,0,15,0,0,0,0,0,18,52,0,1,0,0,0,0,0,0,0,0,0,1,0,0,0,0,0,0,0,8,0,5,0,0,0,0,15,45,2,0,0,1,0,0,2,9,9,1,5,2,1,1,5,0,0,0,5,106,14,0,0,0,0,0,11,0,0,0,0,0,2,0,1,0,0,0,1,0,0,0,3,0,0,1,4,1,0,0,0,1,0,0,1,2,17,1,1651,1,198,31272
3.665,296,14,10,2,0,11,0,0,0,0,0,20,49,0,0,1,0,0,0,0,0,0,0,0,0,0,0,0,0,0,1,0,9,0,0,0,0,0,0,13,48,0,1,0,1,0,0,4,0,11,0,4,3,1,0,5,0,0,0,1,92,1,0,0,0,0,0,12,0,0,0,0,0,5,0,0,0,0,1,1,0,0,1,0,0,1,0,2,1,1,0,4,2,1,0,4,5,10,1,1675,2,128,31272
3.76,303,15,22,0,0,12,0,0,0,0,0,20,111,0,0,0,0,0,0,0,0,0,0,0,0,0,0,0,0,0,0,0,6,0,0,0,0,0,0,4,51,3,1,0,1,1,0,1,0,5,0,6,24,2,2,5,0,0,0,3,93,3,0,0,0,0,0,5,0,0,0,0,0,1,0,1,2,0,1,1,1,0,1,2,0,1,0,3,0,1,1,1,2,1,1,1,2,10,1,1698,4,142,31272
3.864,310,12,38,0,0,12,0,0,0,0,0,13,113,0,1,0,0,0,0,0,0,0,0,0,0,0,0,0,0,0,0,0,10,0,0,0,0,0,0,3,40,2,0,1,0,0,0,5,0,10,0,4,21,4,1,5,0,0,0,0,105,2,0,0,0,0,0,2,0,0,0,0,0,2,0,0,4,0,1,1,1,1,0,3,1,1,1,0,0,0,0,5,0,1,1,5,4,13,1,1808,5,198,31272
3.933,315,14,27,0,0,13,0,0,0,0,0,20,115,0,1,0,0,0,0,1,0,0,0,1,0,0,0,0,0,0,0,0,9,0,2,0,0,0,0,2,21,2,1,0,0,0,0,3,9,7,0,5,25,6,0,10,0,0,0,1,109,15,0,0,0,0,0,6,0,0,0,0,0,5,0,1,1,1,0,0,1,0,0,4,1,0,1,1,0,0,1,0,2,0,0,2,3,13,1,452,2,325,31272
4.005,321,14,49,0,0,12,0,0,0,0,0,17,86,0,0,0,0,2,0,0,0,0,0,0,0,0,0,0,0,0,0,0,7,0,3,0,0,0,0,0,60,3,1,1,0,0,0,3,7,0,0,5,15,0,1,9,0,0,0,0,265,11,0,0,0,0,0,7,0,0,0,0,0,5,0,1,2,1,1,2,0,1,1,0,0,1,1,3,0,1,0,1,1,0,0,3,1,19,0,1271,2,212,31272
4.093,328,13,75,0,0,10,0,0,0,0,0,19,119,0,0,0,0,0,0,0,0,0,0,0,0,0,0,0,0,0,0,0,10,0,5,0,0,0,0,3,52,4,1,0,0,1,0,1,0,12,0,6,17,6,2,3,0,0,0,0,130,13,0,0,0,0,0,3,0,0,0,0,0,5,0,0,1,0,1,1,1,0,0,0,0,0,0,3,0,1,0,1,1,0,0,4,5,12,0,1701,0,570,31272
4.244,338,14,94,0,0,7,1,0,0,0,0,17,104,0,1,0,0,0,0,0,1,0,0,0,0,0,0,0,0,0,0,0,7,0,5,0,0,0,0,4,39,5,1,1,0,0,0,0,8,2,0,8,19,6,2,8,0,0,0,0,274,3,0,0,0,0,0,9,0,0,0,0,0,3,0,0,3,0,1,2,1,1,1,0,0,1,0,4,0,0,0,3,2,0,0,3,0,20,1,1427,4,677,31272
4.34,344,0,42,0,0,10,0,0,0,0,0,12,99,0,0,0,0,0,0,0,1,0,0,0,2,0,0,0,0,0,0,0,5,0,4,0,0,0,0,0,35,4,1,1,0,0,0,3,3,10,0,11,21,0,0,7,0,0,0,0,154,14,0,0,0,0,0,11,0,0,0,0,0,5,0,1,4,1,0,1,0,0,0,1,1,0,0,2,0,0,0,1,0,1,0,4,0,14,1,658,5,741,31272
4.473,353,13,15,0,0,10,0,0,0,0,0,15,87,0,1,0,0,0,0,0,0,0,0,0,0,0,0,0,0,0,0,0,9,0,1,0,0,0,0,1,3,3,1,1,0,0,0,2,0,6,0,6,19,0,2,8,0,0,0,0,186,1,0,0,0,0,0,10,0,0,0,0,0,1,0,1,5,0,1,1,0,1,2,0,1,1,1,4,0,0,0,0,0,0,0,4,5,11,1,412,4,358,31272
4.549,359,16,10,0,0,10,0,0,0,0,0,10,82,0,0,0,0,0,0,0,0,0,0,0,0,0,0,0,0,0,0,0,9,0,2,0,0,0,0,5,10,15,0,1,0,2,0,1,0,3,0,8,22,0,1,16,0,0,0,0,120,16,0,0,0,0,0,2,0,0,0,0,0,4,0,0,0,0,0,2,1,1,1,4,0,0,1,0,1,1,0,0,0,0,0,2,4,6,0,521,5,410,31272
4.657,366,16,17,0,0,10,0,0,0,0,0,10,96,0,0,0,0,0,0,0,0,0,0,0,0,0,0,0,0,0,1,0,5,0,3,0,0,0,0,4,6,13,0,1,0,1,0,5,5,1,2,14,22,0,2,4,0,0,0,0,88,7,1,0,0,0,0,9,1,0,0,0,0,5,0,1,2,1,0,2,0,0,0,2,1,0,1,0,1,0,0,1,1,0,1,2,5,6,1,210,2,119,31272
4.735,371,14,21,0,0,7,0,0,0,0,0,12,92,0,1,0,0,0,0,0,0,0,0,0,0,0,0,0,0,0,1,0,5,0,5,0,0,0,0,3,8,14,0,0,0,0,0,3,8,9,0,8,25,0,0,15,0,0,0,0,32,30,0,0,0,0,0,14,0,0,0,0,0,2,0,1,0,1,1,1,0,0,1,4,0,0,0,1,0,0,0,4,0,0,0,2,4,5,1,185,1,321,31272
4.841,378,16,37,0,0,9,0,0,0,0,0,12,100,0,0,0,0,0,0,0,0,0,0,0,0,0,0,0,0,0,1,0,9,0,5,0,0,0,0,5,8,15,0,1,0,0,0,0,9,12,0,3,17,0,2,3,0,0,0,0,108,6,0,0,0,0,0,2,0,0,0,0,0,5,0,1,3,1,1,1,1,1,1,1,1,1,1,2,0,1,1,1,0,0,0,5,3,8,1,1522,5,236,31272
4.934,384,13,42,0,0,9,0,0,0,0,0,16,95,0,0,0,0,0,0,0,0,0,0,0,0,0,0,0,0,0,0,1,8,1,5,0,0,0,0,5,3,14,2,2,0,0,1,2,3,3,0,16,2,0,1,11,0,0,0,0,40,23,0,0,0,0,0,5,0,0,0,0,0,1,0,1,1,1,1,2,1,0,2,3,0,0,0,4,1,0,0,1,0,0,1,5,4,5,1,1178,1,412,31272
5.047,392,17,50,0,2,3,0,0,0,0,0,8,108,0,1,0,0,0,0,0,0,0,0,0,0,0,0,0,0,0,0,0,5,0,0,0,0,0,0,1,7,10,1,2,0,0,0,4,4,3,0,21,2,0,0,6,0,0,0,0,109,32,0,0,0,0,0,14,0,0,0,0,0,1,0,1,2,0,0,0,1,1,1,3,0,1,0,1,0,1,0,1,0,1,0,1,4,10,1,645,3,102,31272
5.175,400,15,20,0,1,1,0,0,0,0,0,1,98,0,1,0,0,0,0,0,0,0,0,0,2,0,0,0,0,0,0,0,5,0,0,0,0,0,0,0,12,12,2,1,0,0,0,2,3,10,0,5,7,0,0,2,0,0,0,0,89,29,0,0,0,0,0,8,0,0,0,0,0,0,0,1,3,0,1,2,1,0,0,1,1,0,0,3,1,0,0,4,1,1,1,4,4,5,1,1203,4,145,31272
5.335,410,14,37,0,2,3,0,0,0,0,0,2,105,0,1,0,0,0,0,0,0,0,1,0,0,0,0,0,0,0,0,0,2,0,0,0,0,0,0,2,15,5,2,1,0,0,0,0,7,0,0,12,0,0,0,6,0,0,0,0,59,30,0,0,0,0,0,4,0,0,0,0,0,0,0,0,1,0,1,1,0,0,0,4,0,0,0,5,1,0,1,1,2,0,0,3,5,7,1,1751,5,248,31272
5.397,414,17,36,0,4,1,0,0,0,0,0,3,85,0,1,0,0,0,0,0,0,0,0,0,0,0,0,0,0,0,0,0,5,0,0,0,0,0,0,0,13,3,0,0,0,0,0,0,3,8,0,10,1,0,2,1,0,0,0,0,75,30,0,0,0,0,0,10,0,0,0,0,0,2,0,0,4,0,1,2,1,0,1,2,0,1,1,0,0,1,0,2,1,1,1,3,4,6,0,1573,2,345,31272
5.471,419,18,41,0,5,3,0,0,0,0,0,4,62,0,0,0,0,0,0,0,0,0,0,1,0,0,0,0,0,0,0,1,3,1,0,0,0,0,0,3,5,4,0,1,0,0,0,0,6,4,0,10,6,0,1,13,0,0,0,0,169,19,0,0,0,0,0,14,0,0,0,0,0,2,0,1,5,1,1,2,0,1,0,0,0,1,1,2,1,1,0,3,0,0,0,2,0,6,0,1360,1,347,31272
5.538,424,11,28,0,0,3,0,0,0,0,0,4,94,0,1,0,0,0,0,0,0,0,0,0,0,0,0,0,0,0,0,0,0,0,0,0,0,0,0,3,14,4,0,2,0,0,0,0,5,5,0,11,7,0,1,6,0,0,0,0,138,6,0,0,0,0,0,13,0,0,0,0,0,2,0,0,2,1,0,2,0,0,2,4,1,1,0,2,1,1,0,2,0,0,1,3,1,9,1,245,5,214,31272
5.61,429,12,53,0,0,1,0,0,0,0,0,5,97,0,1,0,0,3,0,0,0,0,0,0,0,0,0,0,0,0,0,0,5,0,0,0,0,0,0,0,11,4,2,0,0,0,0,2,7,7,0,4,7,0,1,5,0,0,0,0,133,17,0,0,0,0,0,8,0,0,0,0,0,2,0,1,4,0,1,0,0,1,0,1,1,0,1,0,1,1,0,3,0,0,0,5,2,9,1,120,4,187,31272
5.709,436,15,48,0,0,4,0,0,0,0,1,0,75,0,1,0,0,0,0,0,0,0,0,0,1,0,0,0,0,0,0,0,2,0,0,0,0,0,0,5,15,1,0,0,0,0,0,2,0,6,0,1,5,2,1,14,0,0,0,0,159,20,0,0,0,0,0,3,0,0,0,0,0,0,0,0,5,1,1,2,0,1,2,5,1,1,0,3,0,0,1,1,0,1,0,4,1,10,0,345,4,117,31272
5.807,443,15,36,0,0,2,0,0,0,0,0,5,45,0,0,0,0,0,0,0,0,0,0,0,0,0,0,0,0,0,0,0,2,0,0,0,0,0,0,4,33,1,1,2,1,0,0,5,2,9,0,3,9,1,2,10,0,0,0,0,122,32,0,0,0,0,0,7,0,0,0,0,0,0,0,0,5,0,1,0,1,0,0,3,0,1,0,1,0,0,1,4,0,0,1,4,5,6,0,1265,5,186,31272
5.88,448,12,21,0,0,0,0,0,1,0,0,5,32,0,0,0,0,0,0,0,0,0,0,0,2,0,0,0,0,0,0,0,2,0,0,0,0,0,0,2,31,0,2,2,0,0,0,5,9,10,0,4,8,1,2,9,0,0,0,0,192,19,1,0,0,0,0,0,0,0,0,0,0,3,0,0,3,0,0,1,1,1,1,2,1,0,0,1,1,1,1,5,1,1,0,4,0,5,0,1440,1,104,31272
5.948,453,13,57,0,0,5,0,0,0,0,0,0,24,0,0,0,0,0,0,0,0,0,0,0,2,0,0,0,0,0,1,0,1,0,0,0,0,0,0,0,30,3,2,1,0,0,0,2,6,4,0,0,5,1,2,5,0,0,0,0,186,29,0,0,0,0,0,7,1,0,0,0,0,1,0,1,2,1,1,0,0,1,2,1,0,0,0,3,0,1,1,3,0,1,1,1,4,5,1,1712,2,117,31272
6.038,460,15,64,0,0,4,0,0,0,0,2,2,29,0,1,0,0,0,0,0,0,0,0,0,2,0,0,0,0,0,1,0,1,0,0,0,0,0,0,3,39,0,2,1,0,0,0,3,9,7,0,5,1,2,0,14,0,0,0,0,121,9,0,0,0,0,0,6,0,0,0,0,0,1,0,1,5,0,1,0,1,0,1,5,0,0,1,1,1,0,1,2,1,1,1,4,4,33,0,1827,2,120,31272
6.106,465,16,48,0,0,3,0,0,0,0,0,5,28,0,1,0,0,0,0,0,0,0,0,0,0,0,0,0,0,0,1,0,1,0,0,0,0,0,0,1,26,0,2,2,0,0,0,1,5,2,0,1,7,1,0,4,0,0,0,1,170,5,0,0,0,0,0,6,0,0,0,0,0,4,0,1,0,1,1,1,0,0,2,4,1,1,1,4,1,0,0,0,2,1,0,2,3,32,1,1255,0,367,31272
6.147,468,17,35,0,0,1,0,0,0,0,0,5,32,0,1,0,0,0,0,0,0,0,0,0,0,0,0,0,0,0,1,1,1,1,0,0,0,0,0,1,32,2,1,2,0,0,0,2,8,3,0,4,5,0,1,0,0,0,0,0,133,2,0,0,0,0,0,13,0,0,0,0,0,0,0,1,3,1,0,2,0,0,0,2,1,1,0,1,1,1,1,1,1,1,1,4,4,25,1,1408,5,410,31272
6.224,473,16,52,0,0,0,1,0,0,1,0,1,22,0,1,1,0,0,0,0,0,0,0,0,0,0,0,0,0,0,1,0,0,0,0,0,0,0,0,5,33,3,0,2,0,0,0,5,0,3,0,5,7,0,0,3,0,0,0,0,210,15,0,0,0,0,0,15,0,0,0,0,0,5,0,1,3,1,1,2,0,0,1,4,0,1,0,1,1,1,0,4,1,1,1,4,4,25,0,213,2,358,31272
6.28,477,16,69,0,0,2,0,2,0,0,0,0,29,0,0,1,0,3,0,0,0,0,0,0,0,0,0,0,0,0,1,0,1,0,0,0,0,0,0,5,36,1,2,0,0,0,0,1,12,11,0,0,8,1,0,3,0,0,0,0,174,27,0,0,0,0,0,4,0,0,0,0,0,4,0,0,4,0,0,1,1,1,1,0,1,0,1,2,0,0,1,5,2,0,1,5,5,38,0,1401,3,145,31272
6.333,481,10,54,0,0,1,0,0,0,1,0,4,27,0,1,0,0,2,0,0,0,0,0,0,0,0,0,0,0,0,0,0,0,0,0,0,0,0,0,3,39,1,0,0,0,1,0,1,23,2,0,4,9,0,2,1,0,0,0,0,144,24,0,0,0,0,0,8,0,0,0,0,0,3,0,0,0,0,0,1,1,0,0,1,0,0,1,4,0,0,0,1,0,0,1,4,1,19,0,1840,4,362,31272
6.365,484,13,48,0,0,3,0,0,0,0,0,0,21,0,1,0,0,1,0,0,0,0,0,0,0,0,0,0,0,0,1,0,0,0,0,0,0,1,0,4,23,3,0,0,0,0,0,5,18,11,0,1,1,0,1,4,0,0,0,0,208,21,0,0,0,0,0,4,0,0,0,0,0,2,0,1,0,1,0,2,0,1,0,1,0,0,0,2,0,0,1,3,0,0,1,4,0,28,0,415,2,402,31272
6.399,487,11,69,0,0,5,0,0,0,0,0,4,32,0,1,0,0,0,0,0,0,0,2,0,0,0,0,0,0,0,0,0,0,0,0,0,0,0,0,4,20,5,1,2,0,0,0,2,10,4,0,3,0,2,0,5,0,0,0,0,124,25,0,0,0,0,0,13,0,0,0,0,0,1,0,1,3,0,0,2,0,0,2,0,1,1,0,1,1,1,1,0,2,0,0,0,3,36,1,1657,4,385,31272
6.456,492,12,86,0,0,4,2,0,0,0,0,1,25,0,1,0,0,0,0,0,0,0,0,0,0,0,0,0,0,0,0,0,2,0,0,0,0,0,0,2,16,5,1,2,0,0,0,5,11,1,0,5,3,3,2,4,0,0,0,0,127,31,1,0,0,0,0,9,0,0,0,0,0,0,0,1,2,1,0,0,0,0,0,2,0,0,0,4,0,1,1,4,1,1,1,3,4,35,1,1738,2,161,31272
6.524,498,12,185,0,0,2,5,0,0,0,0,2,30,0,0,0,0,0,0,1,0,0,0,0,1,0,0,0,0,0,0,0,1,0,0,0,0,0,0,3,26,4,2,0,0,0,0,5,14,10,0,5,4,5,0,1,0,0,0,0,143,6,0,0,0,0,0,7,0,0,0,0,0,4,0,0,2,0,0,2,1,0,1,2,1,0,1,1,1,0,1,5,1,0,1,4,1,26,1,1646,1,210,31272
6.56,501,13,105,0,0,5,2,0,0,2,0,3,37,0,0,0,0,0,1,0,0,0,0,1,1,0,0,0,0,0,0,0,2,0,0,0,0,0,0,0,32,0,0,0,0,0,0,1,6,9,0,1,7,5,1,3,0,0,0,0,104,9,0,0,0,0,0,1,0,0,0,0,0,4,0,1,4,1,1,0,1,0,1,4,1,1,0,4,0,0,0,1,2,1,1,1,5,28,0,1333,0,321,31272
6.616,505,14,78,0,0,2,4,0,0,0,0,1,20,0,0,0,0,0,0,0,0,0,0,0,2,0,0,0,0,0,1,0,1,0,0,0,0,0,0,1,20,1,2,0,0,0,0,1,7,12,0,0,5,5,1,4,0,0,0,0,64,6,0,0,0,0,0,3,0,0,0,0,0,4,0,1,0,1,1,1,0,0,2,5,1,0,0,2,0,1,1,0,2,0,0,0,2,15,1,1622,2,145,31272
6.644,507,14,114,0,0,0,0,0,0,0,0,1,28,0,0,0,2,0,0,0,0,0,0,0,0,0,0,0,0,0,0,0,0,0,0,0,0,0,0,0,26,2,1,0,0,0,0,1,13,6,0,1,9,0,1,0,0,0,0,0,90,7,0,0,0,0,0,9,0,0,0,0,0,5,0,1,2,0,1,0,0,1,1,5,1,1,1,3,1,0,0,2,1,1,0,5,4,29,1,1472,1,211,31272
6.673,509,14,225,0,0,0,1,0,1,0,0,1,21,0,0,0,0,0,0,0,0,0,0,0,0,0,0,0,0,0,1,0,0,0,0,0,0,0,1,3,36,0,0,0,0,0,0,1,24,10,0,4,12,3,1,3,0,0,0,0,75,24,0,0,0,0,0,6,1,0,0,0,0,3,0,0,3,1,1,1,1,0,0,1,1,0,1,2,0,0,0,2,1,0,1,5,4,33,0,1789,0,305,31272
6.702,511,14,48,0,0,2,2,0,0,0,0,1,36,0,0,0,0,0,0,0,1,0,0,0,0,0,0,0,0,0,0,0,0,0,0,0,0,1,1,4,28,3,1,0,0,0,0,4,9,2,0,1,4,0,2,2,0,0,0,0,95,27,0,0,0,0,0,7,0,0,0,0,0,3,0,1,3,0,1,1,0,1,0,0,0,0,0,2,1,1,0,5,0,1,0,4,0,22,0,1255,0,215,31272
6.744,514,13,37,0,0,3,5,0,0,0,0,2,21,0,0,0,0,0,0,0,0,0,0,0,0,0,0,0,0,0,0,0,0,0,0,0,0,0,0,3,24,4,1,0,0,0,0,0,18,1,0,0,4,2,2,5,0,0,0,0,110,3,1,0,0,0,0,15,0,0,0,0,0,4,0,0,3,0,0,0,1,1,0,0,0,1,0,0,0,1,0,2,1,0,0,4,4,22,0,1536,5,188,31272
6.801,518,14,42,0,0,1,0,0,0,0,0,0,40,0,1,0,0,0,0,0,0,0,0,0,0,0,0,0,0,0,0,0,0,0,0,0,0,0,1,5,21,4,1,0,0,0,0,2,8,5,0,1,1,3,1,5,0,0,0,0,112,28,0,0,0,0,0,6,0,0,0,0,0,4,0,1,0,1,1,0,1,1,1,2,1,0,1,4,0,0,0,3,1,0,0,2,3,19,0,1598,4,214,31272
6.855,522,14,58,0,0,3,0,0,0,0,0,3,33,0,1,0,0,0,0,0,0,0,0,0,0,0,0,0,0,0,0,0,0,0,0,0,0,0,0,5,18,2,0,0,0,0,0,2,15,9,0,4,4,4,1,2,0,0,0,0,65,31,0,0,0,0,0,8,0,0,0,0,0,1,0,0,0,0,0,2,0,1,1,0,0,0,0,2,0,0,0,1,2,0,1,5,5,24,1,1824,0,147,31272
6.908,526,12,36,0,0,2,4,0,0,1,0,1,20,0,0,1,1,0,0,0,0,0,0,0,0,0,0,0,0,0,0,0,0,0,0,0,0,0,2,5,25,1,2,0,0,0,0,4,8,1,0,0,0,6,0,2,0,0,0,0,113,25,0,0,0,0,0,3,0,0,0,0,0,1,0,0,5,0,1,1,1,1,2,3,0,1,1,2,0,1,0,4,2,0,0,1,0,22,1,147,5,321,31272
6.946,529,12,24,0,0,3,5,0,0,0,0,3,20,0,1,0,2,0,0,0,0,0,0,0,0,0,0,0,0,0,0,0,0,0,0,0,0,0,0,2,20,4,1,0,0,0,0,5,6,6,0,0,5,3,1,1,0,0,0,0,57,24,0,0,0,0,0,0,0,0,0,0,0,5,0,0,1,1,1,0,1,0,1,0,0,1,1,5,1,0,1,5,1,0,0,3,1,36,1,325,3,245,31272
6.994,533,13,13,0,0,5,4,0,0,0,1,1,14,0,0,0,2,1,0,0,0,0,0,1,0,0,0,0,0,0,0,0,0,0,0,0,0,0,1,3,24,1,1,0,0,0,0,4,25,5,0,4,0,5,1,4,0,0,0,0,108,22,0,0,0,0,0,13,0,0,0,0,0,5,0,1,1,0,0,0,0,0,1,4,0,1,1,2,0,1,1,3,1,1,0,4,4,38,1,478,1,69,31272
7.03,536,12,22,0,0,5,5,0,0,0,0,4,20,0,0,0,0,0,0,0,0,0,0,0,0,0,0,0,0,0,0,0,0,0,0,0,0,0,2,4,6,1,1,0,0,0,0,0,7,11,0,0,0,5,1,4,0,0,0,0,128,13,0,0,0,0,0,9,0,0,0,0,0,5,0,1,3,0,1,2,1,0,1,3,0,1,0,4,1,0,1,1,0,0,0,3,5,64,1,589,0,105,31272
7.055,538,12,30,0,0,1,2,0,0,0,0,4,14,0,0,0,0,0,0,0,0,0,0,0,1,0,0,0,0,0,0,0,0,0,0,0,0,0,3,0,5,5,2,1,0,0,0,0,22,7,0,2,5,0,1,1,0,0,0,0,82,32,0,0,0,0,0,12,0,0,0,0,0,4,0,1,2,0,1,1,0,1,2,4,1,0,1,1,1,1,1,4,0,1,1,4,2,54,0,654,1,214,31272
7.08,540,12,45,0,0,0,0,0,1,0,0,1,10,1,1,0,0,0,0,0,0,0,0,0,0,0,0,0,0,0,0,0,0,0,2,0,0,0,2,4,10,1,2,0,0,0,1,5,15,2,1,1,5,0,0,2,0,0,0,0,116,11,0,0,0,1,0,1,0,0,0,0,0,5,0,1,2,1,0,0,1,1,2,1,1,1,0,3,1,1,1,5,1,0,0,4,2,58,0,471,0,321,31272
7.157,545,16,150,0,0,2,4,0,0,0,0,5,18,0,0,0,0,0,0,2,0,0,0,0,0,0,0,0,0,0,0,0,0,0,5,0,0,0,0,0,7,2,1,0,0,0,0,1,11,3,0,1,5,0,0,3,0,0,0,0,189,4,0,0,0,0,0,11,0,0,0,0,0,2,0,0,0,1,0,1,0,1,2,5,1,1,1,3,0,0,0,2,2,0,1,4,2,64,0,321,2,289,31272
7.187,547,15,54,0,0,4,3,0,0,0,0,5,13,0,1,0,0,0,0,0,0,0,0,0,0,0,0,0,0,0,0,0,0,0,4,0,0,0,1,1,5,2,1,0,0,0,0,2,8,9,0,4,0,0,0,5,0,0,0,0,137,24,0,0,0,0,0,6,1,0,0,0,0,0,0,1,1,1,1,1,0,0,2,0,0,0,1,4,1,0,1,0,1,1,0,3,2,42,1,159,3,396,31272
7.269,552,16,90,0,0,3,1,0,0,0,0,0,15,0,1,0,0,0,0,1,0,0,0,0,0,0,0,0,0,0,0,0,0,0,3,0,0,0,0,0,10,0,2,0,0,0,0,2,23,9,0,2,3,0,0,3,0,0,0,0,136,5,0,0,0,0,0,9,0,0,0,0,0,5,0,1,2,0,1,2,0,0,1,4,0,1,0,2,1,0,0,5,2,1,0,0,2,56,0,145,1,274,31272
7.301,554,14,78,0,0,3,3,0,0,0,0,2,12,0,1,0,0,0,0,0,1,0,0,0,0,0,0,0,0,0,0,0,0,0,4,0,0,2,0,3,9,3,1,0,0,0,0,0,25,6,0,2,0,0,1,4,0,0,0,0,126,0,0,0,0,0,0,10,0,0,0,0,0,4,0,1,4,0,1,0,1,0,2,3,0,0,1,3,1,1,1,0,0,0,0,4,5,33,1,278,5,289,31272
7.355,557,15,65,0,0,1,1,0,0,0,0,3,10,0,1,0,0,0,0,0,2,0,1,0,2,0,0,0,0,0,0,0,0,0,2,0,0,1,1,5,5,1,2,0,0,0,0,3,7,11,0,2,1,0,1,0,0,0,0,0,149,29,0,0,0,0,0,2,0,0,0,0,0,2,0,0,0,1,1,2,0,1,0,5,1,1,0,4,1,0,0,1,2,0,1,3,2,59,0,141,5,245,31272
7.39,559,14,58,0,0,3,0,0,0,0,0,2,14,0,1,0,0,0,0,0,1,0,0,0,2,0,0,0,0,0,0,0,0,0,0,0,0,2,1,2,6,4,1,0,0,0,0,3,6,8,0,3,4,0,0,10,0,0,0,0,236,3,0,0,0,0,0,15,0,0,0,0,0,3,0,0,2,0,0,2,1,0,2,1,0,1,0,5,1,0,1,1,0,0,1,0,0,54,1,568,5,361,31272
7.424,561,14,69,0,0,0,4,0,1,0,0,4,14,0,1,0,0,0,0,0,0,0,0,0,2,0,0,0,0,0,1,0,0,0,5,0,0,1,0,2,6,2,1,0,0,0,0,5,10,0,0,2,4,0,0,10,0,0,0,0,198,0,0,0,0,0,0,6,0,0,0,0,0,1,0,1,4,1,0,1,1,0,1,5,1,1,1,5,1,1,0,2,1,0,1,4,2,67,0,789,5,401,31272
7.457,563,15,52,0,0,2,2,0,0,0,0,1,20,0,1,1,0,0,0,0,0,0,0,0,2,0,0,0,0,0,0,0,0,0,2,0,0,0,0,1,9,1,2,0,0,0,0,0,16,12,0,5,3,0,2,2,0,0,0,0,244,5,0,0,0,0,0,12,0,0,0,0,0,3,0,1,5,1,1,1,0,0,1,4,0,1,0,2,0,1,1,3,0,1,0,0,4,56,0,958,5,185,31272
7.488,565,15,41,0,0,0,1,0,0,1,0,5,14,0,1,0,0,0,0,0,0,0,0,0,1,0,0,0,0,0,1,0,0,0,4,0,0,0,0,1,7,2,1,0,0,0,0,1,25,0,0,0,1,0,0,7,0,0,0,0,252,1,0,0,0,0,0,6,1,0,0,0,0,3,0,1,5,0,1,0,1,1,2,1,0,0,0,5,1,0,1,3,0,0,1,4,0,40,0,1005,4,127,31272
7.53,568,14,25,0,0,4,2,0,0,0,0,4,13,0,1,0,1,0,0,0,0,0,0,0,2,0,0,0,0,0,1,0,0,0,4,0,0,0,0,4,6,2,0,0,0,0,0,1,12,9,0,5,5,0,2,12,0,0,0,0,163,2,0,0,0,0,0,5,0,0,0,0,0,1,0,0,1,1,0,1,0,0,2,1,1,1,1,3,1,1,0,1,2,1,0,5,0,43,0,1355,2,185,31272
7.545,569,12,68,0,0,3,1,0,0,0,0,5,13,0,1,0,0,0,0,0,0,0,0,1,0,0,0,0,0,0,1,0,0,0,1,0,0,1,0,0,6,2,0,0,0,0,0,0,11,3,0,1,1,0,0,14,0,0,0,0,215,3,0,0,0,0,0,14,0,0,0,0,0,5,0,1,5,0,0,0,1,1,2,1,1,1,0,3,0,0,0,5,2,0,0,3,4,63,1,1442,3,199,31272
7.571,571,15,85,0,0,4,5,0,0,0,0,1,19,0,0,0,0,0,0,0,0,0,0,0,0,0,0,0,0,0,0,0,0,0,1,0,0,0,0,5,8,3,2,0,0,0,0,0,5,10,0,5,1,0,1,12,0,0,0,0,206,11,1,0,0,0,0,12,0,0,0,0,0,4,0,0,2,0,0,1,1,1,2,5,1,0,1,0,0,0,1,0,0,0,0,0,5,45,1,1666,3,214,31272
7.593,573,12,36,0,0,1,1,0,0,0,0,1,14,0,0,0,0,0,0,0,0,0,0,1,1,0,0,0,0,0,0,0,0,0,0,0,0,1,0,3,9,4,2,0,0,0,0,1,25,9,0,0,5,0,2,0,0,0,0,0,188,11,0,0,0,0,0,7,0,0,0,0,0,5,0,0,5,0,1,2,1,1,0,2,0,1,0,5,1,1,1,5,1,0,0,0,4,49,1,1541,2,321,31272
7.65,578,14,42,0,0,0,4,0,0,0,0,5,11,0,0,0,0,0,0,2,0,0,0,1,0,0,0,0,0,0,1,0,0,0,0,0,0,0,0,0,6,4,0,0,0,0,0,0,12,5,0,2,3,0,1,4,0,0,0,0,181,8,0,0,0,0,0,6,0,0,0,0,0,1,0,1,0,0,1,0,1,1,1,3,1,1,1,4,0,1,1,2,1,0,0,1,0,61,0,1700,4,105,31272
7.704,583,13,75,0,0,4,1,0,0,0,0,5,17,0,0,0,0,0,0,0,0,0,0,2,0,0,0,0,0,0,0,0,0,0,0,0,0,2,0,2,10,0,0,0,0,0,0,2,18,7,0,0,0,0,1,2,0,0,0,0,166,6,0,0,0,0,0,14,0,0,0,0,0,5,0,1,2,0,0,0,1,1,1,3,0,0,1,2,0,0,1,5,1,1,1,4,2,63,0,1397,5,141,31272
7.753,587,13,98,0,0,4,0,0,0,0,0,3,17,0,1,0,0,3,0,0,0,0,0,1,2,0,0,0,0,0,1,0,0,0,0,0,0,2,0,3,8,5,0,1,0,0,0,2,7,4,0,1,3,0,1,8,0,0,0,0,228,8,0,0,0,0,0,8,0,0,0,0,0,3,0,0,3,0,1,2,1,1,0,1,0,1,0,2,0,0,0,0,2,0,0,0,0,48,0,1247,3,263,31272
7.802,591,15,115,0,0,5,0,0,0,0,0,2,11,0,0,0,0,0,0,0,0,0,0,3,0,0,0,0,0,0,0,0,0,0,0,0,0,0,0,0,7,2,0,0,0,0,0,0,17,0,0,3,1,0,1,8,0,0,0,0,249,2,0,0,0,0,0,6,0,0,0,0,0,3,0,1,4,1,0,2,1,0,0,1,1,1,0,3,1,0,1,3,1,0,0,4,2,59,1,1377,0,258,31272
7.841,594,17,102,0,0,1,0,1,0,0,0,2,12,0,1,0,0,0,0,0,0,0,0,0,0,0,0,0,0,0,0,1,0,1,0,0,0,1,0,5,7,2,0,0,0,0,0,0,14,8,0,1,2,0,2,8,0,0,0,0,213,5,1,0,0,0,1,11,0,0,0,0,0,4,0,1,5,1,0,0,0,1,1,3,0,1,0,5,0,0,1,2,1,0,1,3,0,36,1,1713,2,172,31272
7.869,596,14,94,0,0,5,0,0,0,0,0,4,19,0,0,0,0,0,0,0,0,0,0,0,0,0,0,0,0,0,1,0,0,0,0,0,0,0,0,1,8,0,0,0,0,0,0,2,7,6,0,4,2,0,2,12,0,0,0,0,234,19,0,0,0,0,0,2,0,0,0,0,0,1,0,0,0,0,1,2,0,1,0,0,1,0,0,5,1,0,1,0,1,0,1,1,4,38,1,1464,3,101,31272
7.907,599,14,86,0,0,1,0,0,0,0,0,5,19,0,1,0,0,0,0,0,0,0,0,0,0,0,0,0,0,0,1,0,0,0,0,0,0,1,0,3,6,2,0,0,0,0,0,1,22,7,0,4,4,0,1,12,0,0,0,0,183,4,0,0,0,0,0,12,1,0,0,0,0,4,0,1,2,0,0,1,1,1,2,1,0,0,0,3,1,0,1,5,2,1,0,4,2,64,0,1212,2,99,31272
7.944,602,15,75,0,0,3,0,0,0,0,0,5,13,0,1,0,0,0,0,0,0,0,0,0,0,0,0,0,0,0,0,0,0,0,0,0,0,1,0,4,9,1,0,0,0,0,0,0,9,8,0,3,0,0,2,4,0,0,0,0,175,11,0,0,0,0,0,9,0,0,0,0,0,2,0,1,4,0,0,1,1,0,2,2,0,1,1,3,0,1,0,0,2,1,1,3,3,58,0,1535,3,121,31272
8.015,607,15,58,0,0,5,0,0,0,1,0,1,16,0,0,0,0,0,0,0,0,0,0,2,0,0,0,0,0,0,1,0,0,0,1,0,0,0,0,4,9,2,0,0,1,0,0,1,17,3,0,3,5,0,2,4,0,0,0,0,287,12,0,0,0,0,0,2,0,0,0,0,0,5,0,0,1,1,1,2,1,0,2,0,0,1,1,2,1,1,0,5,2,0,1,5,5,38,0,785,2,201,31272
8.088,612,15,36,0,0,4,0,0,0,0,0,5,20,0,0,0,0,0,0,0,0,0,0,0,0,0,0,0,0,0,1,0,0,0,2,0,0,0,0,0,8,2,0,0,0,1,0,2,16,6,0,5,0,0,2,5,0,0,0,0,393,18,0,0,0,0,0,1,0,0,0,0,0,4,0,0,4,0,1,0,1,1,2,0,1,0,0,3,1,0,0,2,1,1,0,2,3,48,0,845,1,186,31272
8.115,614,18,40,0,0,2,0,0,0,0,0,5,12,0,0,0,0,0,0,0,0,0,0,0,0,0,0,0,0,0,0,0,0,0,4,0,0,0,0,1,7,4,0,0,0,0,0,1,9,7,0,1,3,0,0,13,0,0,0,0,208,3,0,0,0,0,0,5,0,0,0,0,0,4,0,1,0,1,1,1,1,0,0,5,1,1,1,5,0,0,0,0,2,0,1,5,5,39,1,897,2,193,31272
8.156,617,16,78,0,0,1,0,0,0,0,0,5,14,1,0,0,0,0,0,1,0,0,0,0,0,0,0,0,0,0,1,0,0,0,3,0,0,0,0,1,8,4,0,0,0,0,0,2,14,4,0,0,3,3,1,6,0,0,0,0,234,11,0,0,0,0,0,11,2,0,0,0,0,4,0,0,0,0,0,1,0,1,1,5,0,0,1,3,1,0,1,1,1,1,1,3,1,43,1,975,1,115,31272
8.193,620,15,74,0,0,5,0,0,0,0,0,2,10,0,1,0,0,0,0,1,0,0,0,0,0,0,0,0,0,0,1,0,0,0,3,0,0,0,0,0,9,4,0,0,0,0,1,2,10,1,0,5,4,1,1,9,0,0,0,0,266,4,0,0,0,0,0,12,0,0,0,0,0,1,0,0,2,1,1,1,0,1,2,4,1,1,1,1,1,1,0,3,0,0,1,5,4,68,1,1532,5,185,31272
8.231,623,15,145,0,0,0,0,0,0,0,0,2,12,0,0,0,0,0,0,0,0,0,0,0,0,0,0,0,0,0,0,0,0,0,5,0,0,0,0,1,5,3,0,0,0,0,0,2,8,7,0,4,0,5,0,6,0,0,0,0,253,14,0,0,0,0,0,10,0,0,0,0,0,2,0,1,4,0,0,1,1,1,1,1,0,0,1,3,1,1,0,3,1,1,1,3,5,41,0,1816,0,214,31272
8.245,624,13,94,0,0,4,0,0,0,0,0,4,11,0,0,0,0,0,0,0,0,0,0,0,0,0,0,0,0,0,1,0,1,0,2,0,0,0,0,4,9,4,0,0,0,0,0,0,7,7,0,3,4,4,2,13,0,0,0,0,372,12,0,0,0,0,0,1,0,0,0,0,0,5,0,0,5,1,1,2,0,1,2,1,0,1,1,5,0,1,1,2,2,0,0,1,0,67,0,1614,2,214,31272
8.294,628,13,75,0,1,1,0,0,0,0,0,0,17,0,1,0,2,0,0,0,0,0,0,0,0,0,0,0,0,0,1,0,2,0,1,0,0,0,0,2,8,3,0,0,0,0,0,1,2,3,0,5,2,4,1,13,0,0,0,0,220,11,0,0,0,0,0,6,0,0,0,0,0,4,0,1,0,0,1,0,1,1,2,2,0,1,1,2,0,1,0,5,1,0,0,3,1,64,1,883,4,198,31272
8.333,631,18,68,0,0,1,0,0,0,0,0,0,14,0,1,0,0,0,0,0,0,0,0,0,0,0,0,0,0,0,0,0,1,0,4,0,0,0,0,5,5,5,0,0,0,0,0,0,5,2,0,1,3,4,0,13,0,0,0,0,329,13,0,0,0,0,0,11,0,0,0,0,0,1,0,0,2,0,0,1,1,0,2,4,0,0,0,5,1,1,1,5,0,0,0,0,2,52,1,705,5,225,31272
8.398,635,20,119,0,0,3,0,0,0,1,0,3,13,0,1,0,0,0,0,0,0,0,0,0,0,0,0,0,0,0,1,0,2,0,1,0,0,0,0,5,7,2,0,0,0,0,0,1,13,8,0,3,1,1,1,13,0,0,0,0,233,2,0,0,0,0,0,14,1,0,0,0,0,0,0,1,4,1,1,0,0,0,2,2,1,1,1,5,0,1,1,4,2,1,1,0,0,47,0,610,5,230,31272
8.453,638,18,23,0,0,4,0,0,0,0,0,5,20,0,1,0,0,1,0,0,0,1,0,0,0,0,0,0,0,0,0,1,3,1,0,0,0,0,0,0,11,3,0,0,0,0,0,0,8,6,0,0,3,6,0,12,0,0,0,0,392,15,0,0,0,0,0,1,0,0,0,0,0,5,0,0,0,1,1,0,1,0,1,3,1,0,1,5,0,1,0,1,0,1,0,3,2,60,0,821,2,185,31272
8.505,641,18,25,0,0,3,0,0,0,0,0,4,11,0,0,0,0,0,0,0,0,0,0,0,0,0,0,0,0,0,1,0,2,0,4,0,0,0,0,1,10,2,0,0,0,1,0,2,24,1,0,5,2,4,0,12,0,0,0,0,325,14,0,0,0,0,0,2,0,0,0,0,0,2,0,1,5,1,0,1,0,1,1,5,1,0,1,2,1,0,1,0,0,0,0,3,3,33,0,872,5,198,31272
8.559,644,18,37,0,0,5,0,0,0,0,0,5,16,0,0,0,0,0,0,0,0,1,0,1,0,0,0,0,0,0,0,0,2,0,0,0,0,0,0,2,14,3,0,0,0,0,0,1,12,5,0,5,0,1,0,13,0,0,0,0,382,9,0,0,0,0,0,4,0,0,0,0,0,3,0,0,5,0,0,0,1,1,1,4,1,0,1,1,0,1,1,4,0,1,0,4,5,44,1,958,5,185,31272
8.646,649,17,48,0,0,2,0,0,0,0,0,3,16,0,1,0,0,0,0,0,0,0,1,0,0,0,0,0,0,0,0,0,2,0,0,0,0,0,0,1,9,4,0,0,0,1,0,2,24,5,0,4,3,2,1,12,0,0,0,0,340,17,0,0,0,0,0,0,0,0,0,0,0,4,0,1,0,0,0,2,0,0,1,5,0,1,1,2,1,1,0,4,0,0,0,0,2,51,0,1679,5,103,31272
8.71,653,16,103,0,0,5,0,0,0,0,0,0,20,0,1,0,0,0,0,0,0,0,0,0,0,0,0,0,0,0,0,0,1,0,0,0,0,0,0,2,15,3,0,1,0,1,0,0,9,6,0,2,0,5,2,14,0,0,0,0,333,3,0,0,0,0,0,0,0,0,0,0,0,2,0,0,0,1,1,1,1,1,2,0,0,0,0,2,0,0,1,0,0,1,1,1,3,64,0,1438,3,125,31272
8.759,656,19,75,0,0,0,0,0,0,0,0,1,12,0,1,0,0,0,0,0,0,1,0,0,0,0,0,0,0,0,1,0,1,0,0,0,0,0,0,4,8,3,0,0,0,1,0,1,6,5,0,0,4,6,2,12,0,0,0,0,426,11,0,0,0,0,0,1,0,0,0,0,0,5,0,0,2,0,1,0,1,1,1,3,1,0,1,4,0,1,0,4,0,1,0,4,2,45,0,1779,0,184,31272
8.839,661,13,97,0,0,1,0,0,0,0,0,5,15,0,0,0,0,0,0,0,1,0,0,0,0,0,0,0,0,0,0,0,1,0,0,0,0,0,0,1,13,0,0,0,0,0,0,0,19,8,0,4,5,2,1,10,0,0,0,0,438,11,0,0,0,0,0,2,1,0,0,0,0,1,0,0,4,0,1,2,0,0,0,2,0,0,1,0,1,0,1,0,1,1,1,2,0,64,1,1815,2,160,31272
8.888,664,15,65,0,0,3,0,0,0,0,0,1,20,0,1,0,0,0,0,2,0,0,0,0,0,0,0,0,0,0,0,0,1,0,0,0,0,0,0,1,18,4,0,0,0,1,0,0,12,0,0,4,4,5,1,11,0,0,0,0,335,13,0,0,0,0,0,3,0,0,0,0,0,5,0,1,1,1,1,2,0,0,2,2,0,1,1,2,1,1,1,5,1,0,1,1,5,63,1,1650,3,170,31272
8.923,666,15,50,0,0,2,0,0,0,0,0,3,18,0,0,0,0,0,1,0,0,1,0,0,0,0,0,0,0,0,1,0,1,0,0,0,0,0,0,1,9,3,0,0,0,0,0,0,6,3,0,4,5,3,2,10,0,0,0,0,472,4,0,0,0,0,0,3,0,0,0,0,0,2,0,1,3,0,0,1,0,1,1,4,0,0,0,5,0,0,0,2,2,1,0,4,1,35,1,1604,2,148,31272
8.998,670,16,73,0,0,1,0,0,0,0,0,3,13,0,0,0,0,0,1,0,0,2,0,0,0,0,0,0,0,0,0,0,2,0,0,0,0,0,0,4,16,5,0,0,0,0,0,2,23,8,0,3,0,5,1,15,0,0,0,0,349,4,0,0,0,0,0,4,0,0,0,0,0,0,0,1,3,1,1,0,1,0,1,0,0,0,1,5,1,1,1,1,0,1,1,3,3,44,1,1291,1,165,31272
9.053,673,13,36,0,0,2,0,0,0,0,0,3,18,0,1,0,0,0,2,0,0,1,0,0,0,0,0,0,0,0,0,0,1,0,2,0,0,0,0,1,19,2,0,0,0,0,0,0,7,4,0,0,1,6,1,13,0,0,0,0,310,9,0,0,0,0,0,3,0,0,0,0,0,2,0,1,5,0,0,1,1,1,0,3,0,1,1,5,1,1,1,5,2,1,1,0,5,79,1,1555,4,178,31272
9.088,675,16,105,0,2,5,0,0,0,0,0,4,11,0,1,0,0,0,1,0,0,2,0,0,0,0,0,0,0,0,0,0,2,0,1,0,0,0,0,3,5,1,0,0,0,0,0,0,17,5,0,4,1,6,0,11,0,0,0,0,341,0,0,0,0,0,0,3,1,0,0,0,0,3,0,0,0,1,1,1,1,1,0,2,0,1,1,0,1,1,0,5,0,0,1,2,5,44,0,1429,2,236,31272
9.147,678,17,33,0,0,2,0,0,0,0,0,2,16,1,1,0,0,0,1,0,0,0,0,0,0,0,0,0,0,0,1,0,1,0,4,0,0,0,0,4,10,4,0,0,0,0,0,2,21,2,1,5,2,0,1,10,0,0,0,0,308,16,0,0,0,0,1,5,0,0,0,0,0,1,0,1,2,1,0,0,0,1,2,0,1,0,0,5,0,1,1,5,0,1,0,3,0,44,1,1194,0,112,31272
9.203,681,18,58,0,0,3,0,1,0,0,0,2,14,0,1,0,0,0,1,1,0,0,0,0,0,0,0,0,0,0,1,0,2,0,3,0,0,0,0,5,8,1,0,0,0,0,0,2,17,8,0,3,4,4,2,12,0,0,0,0,467,5,0,0,0,0,0,1,1,0,0,0,0,1,0,1,2,0,0,2,1,0,1,3,1,1,0,1,0,1,0,5,2,0,1,4,3,83,1,1325,5,159,31272
9.295,686,16,29,0,0,0,0,0,0,0,0,0,48,0,1,0,0,0,1,0,0,0,0,0,0,0,0,0,0,0,0,0,0,0,4,0,0,1,0,3,17,0,0,0,0,0,0,0,24,0,0,3,1,0,1,12,0,0,0,0,343,3,0,0,0,0,0,2,0,0,0,0,0,4,0,0,0,0,1,2,0,1,1,0,1,0,0,1,0,1,1,1,2,0,1,2,0,83,1,1845,1,100,31272
9.348,689,14,93,0,0,3,0,0,0,0,0,1,44,0,0,0,0,0,1,0,1,0,0,2,0,0,0,0,0,0,1,0,0,0,2,0,0,1,0,5,10,0,0,0,0,0,0,2,13,3,0,0,5,6,1,12,0,0,0,0,471,13,0,0,0,0,0,3,1,0,0,0,0,5,0,0,0,0,0,1,1,0,0,3,0,1,0,0,1,1,0,3,0,0,1,5,1,65,0,1507,4,175,31272
9.395,692,14,82,0,0,0,0,0,0,0,0,5,34,0,0,0,0,0,1,0,0,0,0,0,0,0,0,0,0,0,0,0,0,0,3,0,0,0,0,4,9,4,0,2,0,1,0,2,12,5,0,1,5,0,1,12,0,0,0,0,296,13,0,0,0,0,0,3,0,0,0,0,0,3,0,1,1,0,0,2,1,0,1,2,0,0,1,3,0,1,1,0,2,0,0,5,3,43,1,1361,1,189,31272
9.457,696,15,85,0,0,3,0,0,0,0,0,3,36,0,0,0,0,3,1,0,0,0,0,0,0,0,0,0,0,0,0,0,0,0,3,0,0,1,0,0,7,1,0,0,0,0,0,2,17,7,0,2,5,0,0,14,0,0,0,0,445,14,0,0,0,0,0,4,0,0,0,0,0,2,0,0,0,0,0,0,0,0,1,1,1,0,1,2,1,1,1,1,1,0,1,0,5,60,1,1765,4,210,31272
9.518,700,15,98,0,0,4,0,0,0,0,0,4,49,0,0,0,0,0,2,0,0,0,0,0,0,0,0,0,0,0,1,0,0,0,4,0,0,0,0,0,12,4,0,0,0,0,0,1,8,2,0,2,4,1,0,14,0,0,0,0,387,2,0,0,0,0,0,4,0,0,0,0,0,5,0,0,4,1,1,2,1,0,0,3,0,0,1,1,0,0,0,1,1,0,0,0,0,91,1,1469,0,270,31272
9.583,704,16,107,0,0,2,0,0,0,0,0,3,30,0,0,0,0,0,1,0,0,0,2,0,0,0,0,0,0,0,0,0,0,0,3,0,0,1,0,4,0,5,0,0,0,0,0,0,15,7,0,5,1,1,0,12,0,0,0,0,344,17,0,0,0,0,0,5,0,0,0,0,0,1,0,1,5,1,1,1,0,1,1,2,1,1,0,1,1,1,0,2,2,0,1,0,5,118,0,909,5,294,31272
9.614,706,14,89,0,0,4,0,0,0,0,0,1,44,0,0,0,0,0,2,0,0,0,0,0,0,0,0,0,0,0,0,0,0,0,2,0,0,2,0,4,3,5,0,0,0,0,0,0,22,1,0,2,2,2,2,12,0,0,0,0,377,16,0,0,0,0,0,0,2,0,0,0,0,4,0,0,5,1,1,0,1,0,0,4,0,0,0,5,0,0,1,2,1,0,0,1,1,111,0,999,5,188,31272
9.67,709,15,68,0,0,5,0,0,0,0,0,1,36,0,1,0,0,0,0,0,0,0,0,0,0,0,0,0,0,0,0,0,0,0,2,0,0,3,0,1,9,10,0,0,0,0,0,1,22,1,0,2,1,6,1,13,0,0,0,0,299,18,0,0,0,0,0,2,1,0,0,0,0,2,0,1,2,0,0,2,0,1,0,4,0,0,0,2,1,1,0,0,1,0,1,2,5,115,1,1006,4,214,31272
9.725,712,18,86,0,0,3,0,0,0,0,0,6,36,0,1,0,0,0,1,0,0,0,0,0,0,0,0,0,0,0,0,0,0,0,2,0,0,1,0,1,4,2,0,0,0,0,0,1,19,1,0,4,4,5,2,15,0,0,0,0,298,0,0,0,0,0,0,1,0,0,0,0,0,3,0,0,4,0,1,2,1,0,1,3,0,1,0,1,1,1,0,4,2,0,0,2,0,88,0,856,4,236,31272
9.814,717,17,75,0,0,3,0,0,0,0,0,4,36,0,0,0,0,0,1,2,0,0,0,0,0,0,0,0,0,0,0,0,0,0,1,0,0,2,0,3,10,5,0,0,0,0,0,2,10,8,0,0,2,2,2,11,0,0,0,0,291,9,0,0,0,0,0,1,1,0,0,0,0,0,0,1,3,0,0,1,1,0,1,0,0,1,0,3,1,0,1,3,0,1,0,4,1,75,0,895,4,300,31272
9.852,719,18,198,0,0,6,0,0,0,0,0,2,37,0,1,0,0,0,1,0,0,0,0,0,0,0,0,0,0,0,0,0,0,0,5,0,0,1,0,2,0,8,0,0,0,0,0,2,6,7,0,4,3,4,0,15,0,0,0,0,141,0,0,0,0,0,0,0,0,0,0,0,0,0,0,1,2,1,1,2,1,1,2,3,0,1,1,3,0,0,0,1,0,1,0,4,5,114,1,936,2,328,31272
9.868,720,12,58,0,0,6,0,0,0,0,0,4,50,0,1,0,0,0,1,1,1,0,0,0,0,0,0,0,0,0,0,0,0,0,0,0,0,2,0,1,10,6,0,0,0,0,0,0,2,7,0,1,1,0,2,11,0,0,0,0,161,17,0,0,0,0,0,1,0,0,0,0,0,0,0,1,1,0,1,0,0,0,1,1,0,0,1,5,0,1,0,1,0,0,1,0,5,122,0,1005,2,354,31272
9.963,728,11,78,0,0,0,0,0,0,0,0,0,50,0,1,0,1,0,1,1,2,0,0,0,0,0,0,0,0,0,0,0,0,0,0,0,0,2,0,4,5,1,0,0,0,0,0,0,11,6,0,7,8,3,2,15,0,0,0,0,189,19,0,0,0,0,0,2,0,0,0,0,0,4,0,1,3,1,1,0,0,0,1,3,0,1,0,1,0,0,1,4,1,1,1,3,5,85,1,1003,4,148,31272
10.036,734,10,45,0,0,4,0,0,0,1,0,4,38,0,0,0,0,0,1,2,0,0,0,0,0,0,0,0,0,0,0,0,0,0,0,0,0,1,0,1,2,8,0,0,0,0,0,1,9,7,0,19,8,1,1,21,0,0,0,0,125,8,1,0,0,0,0,1,0,0,0,0,0,3,0,1,4,0,1,2,1,1,2,4,1,1,0,5,1,0,1,4,2,1,1,0,1,101,1,998,1,321,31272
10.101,740,11,100,0,0,3,0,0,0,0,0,4,35,0,1,0,0,0,1,1,0,0,0,0,0,0,0,0,0,0,0,0,0,0,0,0,0,0,0,3,6,7,0,0,0,0,0,0,9,0,0,18,20,6,0,18,0,0,0,0,132,6,0,0,0,0,0,3,0,0,0,0,0,2,0,0,4,1,1,1,1,0,1,5,1,0,1,0,0,0,0,3,2,0,1,5,4,103,1,946,5,214,31272
10.164,746,11,31,0,0,2,0,0,0,0,0,5,50,0,0,0,0,0,1,2,0,0,0,1,0,0,0,0,0,0,0,0,1,0,0,0,0,0,0,0,10,9,0,0,0,0,0,3,4,8,1,15,5,4,0,22,0,0,0,0,193,17,0,0,0,0,0,4,0,0,0,0,0,5,0,0,2,0,0,1,1,0,0,4,0,1,0,3,0,0,0,1,0,0,0,1,1,130,1,925,3,100,31272
10.224,752,11,54,0,0,4,0,0,0,0,0,2,44,0,0,0,0,0,2,1,0,0,0,0,0,0,0,0,0,0,0,0,0,0,0,0,0,0,0,4,10,5,0,0,0,1,0,1,4,8,0,1,10,0,0,22,0,0,0,0,204,21,0,0,0,0,0,0,1,0,0,0,0,1,0,0,3,0,1,0,0,1,0,0,1,1,0,4,1,1,0,0,0,0,1,2,3,121,0,1000,1,98,31272
10.276,757,10,67,0,0,0,0,0,0,0,0,3,39,0,0,0,0,0,1,0,0,0,0,0,0,0,0,0,0,0,0,0,0,0,2,0,0,0,0,0,9,0,0,0,0,0,0,5,3,6,0,7,13,6,2,23,0,0,0,0,207,7,0,0,0,0,1,0,0,0,0,0,0,0,0,0,4,0,0,0,0,0,0,1,0,1,1,3,1,1,0,3,1,0,1,3,4,118,0,973,2,104,31272
10.326,762,11,94,0,2,0,0,0,0,0,0,3,47,1,0,0,0,0,2,0,0,0,0,0,0,0,0,0,0,0,0,0,0,0,1,0,0,0,0,3,0,8,0,1,0,0,0,2,1,1,0,4,8,3,0,21,0,0,0,0,354,15,0,0,0,0,0,0,0,0,0,0,0,1,0,1,3,0,0,2,1,0,0,4,1,1,1,3,0,1,0,0,0,0,1,5,2,102,0,1681,5,115,31272
10.381,767,13,98,0,0,1,0,0,0,0,0,4,30,0,1,0,0,0,1,0,0,0,0,0,0,0,0,0,0,0,0,0,0,0,0,0,0,0,0,5,8,9,0,0,0,0,0,2,13,8,0,13,9,5,1,22,0,0,0,0,258,18,0,0,0,0,0,1,0,0,0,0,0,3,0,1,4,1,0,0,1,1,1,0,1,1,0,1,0,1,1,2,1,0,0,0,1,99,1,1369,1,203,31272
10.471,775,12,114,0,0,3,0,0,0,0,0,2,30,0,0,0,0,2,1,0,0,0,0,0,0,0,0,0,0,0,0,0,0,0,5,0,0,0,0,5,6,7,0,0,0,0,0,5,3,4,0,12,4,5,1,23,0,0,0,0,444,16,0,0,0,0,0,3,0,0,0,0,0,4,0,0,0,1,0,2,0,0,2,5,1,0,0,5,1,0,1,0,2,1,1,5,1,95,0,1383,4,175,31272
10.545,783,9,51,0,0,1,0,0,0,0,0,5,41,0,0,0,0,1,2,0,0,0,0,0,0,0,0,0,0,0,0,0,0,0,5,0,0,0,0,3,2,9,0,0,0,0,2,0,14,7,0,30,15,0,0,19,0,0,0,0,234,20,0,0,0,0,0,5,0,0,0,0,0,0,0,0,4,0,0,1,0,0,2,3,1,1,0,4,1,1,0,2,0,0,1,3,2,140,1,1204,4,152,31272
10.569,786,10,70,0,0,2,0,0,2,0,0,5,38,0,1,0,0,0,0,0,0,0,0,0,0,0,0,0,0,0,0,0,0,0,2,0,0,0,0,2,4,10,0,0,1,0,0,0,15,2,0,17,19,5,1,23,0,0,0,0,455,16,0,0,0,0,0,2,0,0,0,0,0,5,0,1,0,1,1,1,1,0,0,3,0,0,1,1,0,0,0,4,0,0,0,0,0,107,0,1256,0,158,31272
10.588,788,10,72,0,0,3,0,0,0,0,0,2,38,0,1,0,0,0,0,1,0,0,1,0,0,0,0,0,0,0,0,0,0,0,2,0,0,0,0,3,8,3,0,0,0,0,0,0,9,3,0,22,3,0,2,21,0,0,0,0,152,11,0,0,0,0,0,5,0,0,0,0,0,1,0,0,2,0,1,2,1,1,2,3,1,0,1,5,0,0,0,4,1,0,0,1,5,79,0,1244,0,184,31272
10.626,793,9,102,0,0,0,0,0,0,0,0,2,45,0,0,1,0,0,0,0,0,0,0,0,0,0,0,0,0,0,0,0,0,0,3,0,0,0,0,4,6,7,0,0,0,0,0,0,9,7,0,41,9,0,0,22,0,0,0,0,201,20,0,0,0,0,0,5,0,0,0,0,0,3,0,1,5,0,1,0,1,1,1,1,1,1,1,4,1,1,1,2,2,1,0,3,1,71,0,1571,0,168,31272
10.643,795,11,28,0,0,0,0,0,0,0,0,5,44,0,1,0,0,0,0,0,0,0,0,0,0,0,0,0,0,0,0,0,0,0,2,0,0,0,0,5,4,4,0,0,0,0,0,0,0,3,0,44,14,1,0,18,0,0,0,0,301,9,1,0,0,0,0,0,0,0,0,0,0,3,0,0,1,1,1,0,1,0,2,5,0,0,0,5,1,0,1,3,0,1,1,1,5,48,0,1188,2,114,31272
10.668,798,10,24,0,0,5,0,0,0,0,0,3,43,0,1,0,0,0,0,2,0,0,0,2,0,0,0,0,0,0,0,0,0,0,3,0,0,0,0,1,8,7,0,0,0,0,0,0,0,4,0,15,14,0,1,19,0,0,0,0,441,15,0,0,0,0,0,1,2,0,0,0,0,3,0,1,1,0,1,1,1,1,1,5,1,1,0,3,1,1,0,1,0,0,0,4,2,50,1,1471,5,101,31272
10.717,804,10,60,0,0,3,0,0,0,0,0,0,42,0,0,0,0,0,0,0,2,0,0,0,0,0,0,0,0,0,0,0,0,0,1,0,0,0,0,2,0,4,0,0,0,0,0,0,0,3,0,16,20,4,1,16,0,0,0,0,382,14,0,0,0,0,0,5,1,0,0,0,0,3,0,1,0,1,0,0,1,0,1,2,1,0,0,0,1,0,1,1,2,0,0,5,2,31,0,1178,5,196,31272
10.768,810,7,8,0,0,2,0,0,0,0,0,5,32,0,1,1,0,0,0,0,1,0,0,0,0,0,0,0,0,0,0,0,0,0,3,0,0,0,0,2,1,3,0,0,0,0,0,0,4,1,0,45,18,2,1,20,0,0,0,0,205,18,0,0,0,0,0,2,0,0,0,0,0,5,0,0,3,1,1,0,0,0,0,3,1,1,1,0,1,0,1,3,2,1,0,1,4,58,0,1207,5,200,31272
10.779,812,4,96,0,0,0,0,0,0,0,0,5,34,0,1,0,0,0,0,0,0,0,0,0,0,0,0,0,0,0,0,0,0,0,0,0,0,0,0,0,4,2,0,0,0,0,0,0,13,7,0,40,19,5,0,19,0,0,0,0,244,20,0,0,0,0,0,1,0,0,0,0,0,4,0,1,2,0,0,2,0,0,0,4,1,0,1,2,0,0,0,3,0,1,1,1,5,69,0,1425,2,214,31272
10.8,815,6,87,0,0,3,0,0,0,0,0,2,42,0,0,0,0,0,0,0,0,0,0,0,0,0,0,0,0,0,0,0,0,0,4,0,0,0,0,4,5,1,0,0,0,0,0,0,2,5,1,45,13,5,0,19,0,0,0,0,275,12,0,0,0,0,0,3,0,0,0,0,0,3,0,1,1,1,0,1,0,0,2,5,0,1,1,0,1,0,1,1,0,0,0,4,2,45,0,1660,2,259,31272
10.818,818,7,121,0,0,5,0,0,0,0,0,3,39,1,0,0,0,0,0,0,0,0,0,0,0,0,0,0,0,0,0,0,0,0,0,0,0,0,0,2,15,1,0,2,0,0,0,0,1,0,0,35,4,1,1,22,0,0,0,0,427,19,0,0,0,0,0,2,0,0,0,0,0,4,0,1,3,0,0,1,0,1,1,0,0,0,0,3,1,1,0,1,2,0,1,3,1,62,0,1183,5,321,31272
10.848,823,7,124,0,0,4,0,0,0,0,0,1,32,0,1,0,0,0,0,0,0,0,0,0,0,0,0,0,0,0,0,0,0,0,4,0,0,0,0,4,15,2,0,0,0,0,0,0,0,1,0,21,4,2,1,17,0,0,0,0,280,6,0,0,0,0,0,0,0,0,0,0,0,0,0,1,4,1,0,1,1,1,2,4,1,0,0,3,0,0,0,4,2,0,0,2,2,36,0,1416,3,287,31272
10.863,826,6,76,0,0,1,0,0,0,0,0,0,33,0,1,0,0,0,0,0,0,0,0,0,0,0,0,0,0,0,0,0,0,0,0,0,0,0,0,1,20,4,0,0,0,0,0,0,1,0,0,22,19,2,0,15,0,0,0,0,145,7,0,0,0,0,0,2,0,0,0,0,0,1,0,0,3,1,1,2,0,0,0,2,0,0,1,3,0,1,0,3,1,0,1,2,2,70,1,1434,1,145,31272
10.89,830,5,58,0,0,0,0,0,0,0,0,2,30,0,1,0,0,0,0,0,0,0,0,0,0,0,0,0,0,0,0,0,0,0,0,0,0,0,0,2,15,4,0,0,0,0,0,0,1,6,0,27,0,3,1,20,0,0,0,0,296,13,0,0,0,0,1,3,0,0,0,0,0,1,0,1,5,1,0,0,1,1,1,0,0,1,1,3,1,0,0,2,0,1,1,0,3,39,0,1153,3,256,31272
10.914,834,6,65,0,0,5,0,0,0,0,0,5,33,0,0,0,0,0,0,2,0,0,0,0,0,0,0,0,0,0,0,0,0,0,4,0,0,0,0,2,18,4,0,0,0,0,0,0,1,6,0,26,8,5,2,19,0,0,0,0,424,20,0,0,0,0,0,0,0,0,0,0,0,3,0,0,1,0,1,1,1,0,2,3,0,0,1,4,1,0,1,3,1,0,0,5,2,47,1,1241,2,263,31272
10.943,839,5,48,0,0,5,0,0,0,0,0,0,32,0,1,0,0,0,0,1,0,0,0,0,0,0,0,0,0,0,0,0,0,0,1,0,0,0,0,1,16,2,0,0,0,0,0,0,2,7,0,23,4,6,0,20,0,0,0,0,260,19,0,0,0,0,0,0,0,0,0,0,0,2,0,1,3,0,1,1,0,0,2,4,1,1,1,5,1,1,0,3,0,1,0,2,0,42,1,1388,1,196,31272
10.979,845,8,32,0,1,5,0,0,0,0,0,4,49,0,1,0,0,0,1,0,0,0,0,0,0,0,0,0,0,0,0,0,0,0,0,0,0,0,0,1,17,1,0,0,0,0,0,0,2,7,0,37,29,2,0,18,0,0,0,0,139,11,1,0,0,0,0,2,0,0,0,0,0,0,0,1,4,1,0,0,1,0,2,3,1,1,0,2,1,1,0,3,0,0,0,0,0,55,1,1746,0,300,31272
11.018,852,6,14,0,0,2,0,0,2,1,0,4,48,0,0,0,0,0,0,0,0,0,0,0,0,0,0,0,0,0,0,0,0,0,0,0,0,0,0,2,15,4,0,1,0,0,0,0,0,3,0,38,30,0,1,15,0,0,0,0,306,18,0,0,0,0,0,4,0,0,0,0,0,1,0,1,5,1,1,1,0,0,2,0,1,1,0,2,1,0,1,0,0,1,0,5,0,22,1,1834,3,321,31272
11.071,861,8,4,0,0,0,0,0,0,0,1,4,43,0,0,0,0,0,0,0,0,0,0,0,0,0,0,0,0,0,0,0,0,0,0,0,0,0,0,4,15,0,0,0,0,0,0,0,1,3,0,44,27,1,1,22,0,0,0,0,414,11,0,0,0,0,0,0,0,0,0,0,0,1,0,1,5,0,0,1,0,0,1,0,1,1,0,1,0,1,1,2,2,1,0,0,2,33,1,1109,0,345,31272
11.129,870,5,21,0,0,3,0,0,0,2,0,3,40,0,0,0,0,0,0,0,0,0,2,0,0,0,0,0,0,0,0,0,0,0,0,0,0,0,0,4,18,4,0,0,0,0,0,0,2,8,0,24,20,4,2,23,0,0,0,0,419,19,0,0,0,0,0,4,1,0,0,0,0,2,0,1,1,0,1,1,0,1,1,0,0,1,0,2,0,0,0,2,2,1,0,5,5,58,1,1232,1,289,31272
11.196,884,6,17,0,0,0,0,0,0,0,0,2,45,0,0,0,0,0,0,0,0,0,0,0,0,0,0,0,0,0,0,0,0,0,0,0,0,0,0,0,16,2,0,1,0,0,1,0,1,3,0,15,30,2,2,17,0,0,0,0,244,14,0,0,0,0,0,1,0,0,0,0,0,0,0,0,4,0,0,0,1,0,0,4,1,0,1,4,0,1,0,5,1,1,0,2,4,51,0,1209,2,259,31272
11.226,890,6,8,0,0,3,0,0,0,0,0,5,44,0,0,0,0,0,0,0,0,0,0,0,0,0,0,0,0,0,0,0,0,0,0,0,0,0,0,3,18,2,0,0,0,0,0,0,1,5,0,31,26,6,0,21,0,0,0,0,307,9,0,0,0,0,0,4,0,0,0,0,0,0,0,0,1,1,1,2,0,1,1,4,0,1,0,2,0,0,1,0,1,0,1,3,0,56,0,823,5,278,31272
11.323,904,11,14,0,0,0,0,0,0,0,0,4,41,0,0,0,0,0,0,0,0,0,0,0,0,0,0,0,0,0,0,0,0,0,0,0,0,0,0,4,16,0,0,0,0,0,0,0,0,1,0,17,26,6,1,19,0,0,0,0,213,11,0,0,0,0,0,2,0,0,0,0,0,5,0,1,0,0,0,1,1,1,2,2,0,0,0,4,0,1,0,0,1,0,0,2,1,45,1,931,3,253,31272
11.431,911,11,7,0,1,3,0,0,0,0,0,1,41,0,0,0,0,0,0,0,0,0,0,0,0,0,0,0,0,0,0,0,0,0,0,0,0,0,0,4,20,2,0,0,0,0,0,0,2,6,0,33,28,6,1,17,0,0,0,0,192,11,0,0,0,0,0,0,0,0,0,0,0,2,0,0,5,0,1,2,1,1,2,1,0,1,0,5,0,0,1,4,0,0,0,4,2,61,0,800,0,452,31272
11.593,920,16,6,0,2,3,0,0,0,0,0,0,50,0,0,0,0,0,0,0,0,0,0,0,0,0,0,0,0,0,0,0,0,0,0,0,0,0,0,1,18,0,0,0,0,0,0,0,1,7,0,45,34,0,0,15,0,0,0,0,297,20,0,0,0,0,0,0,0,0,0,0,0,2,0,1,1,0,0,0,1,1,0,2,0,1,0,3,1,0,1,2,1,1,1,3,4,30,0,1174,4,405,31272
11.698,927,12,10,0,1,5,0,0,0,0,0,0,31,0,0,0,0,0,0,0,0,0,0,0,0,0,0,0,0,0,0,0,0,0,0,0,0,0,0,1,10,1,0,0,0,0,0,0,0,3,0,23,21,1,2,23,0,0,0,0,239,9,0,0,0,0,0,1,0,0,0,0,0,3,0,0,2,0,0,0,1,1,1,2,0,1,0,0,1,0,1,4,1,0,1,1,0,55,1,1211,1,419,31272
11.792,933,17,5,0,3,4,0,0,0,0,0,0,37,0,0,0,0,0,0,0,3,0,0,0,0,0,0,0,0,0,0,0,0,0,0,0,0,0,1,4,9,0,0,0,0,0,0,0,0,1,0,44,23,4,2,23,0,0,0,0,196,6,0,0,0,0,0,5,0,0,0,0,0,4,0,0,4,1,0,0,0,1,2,3,0,1,1,2,1,0,1,1,1,0,0,2,5,58,1,1526,4,457,31272
11.877,938,17,17,0,0,1,0,0,0,0,0,2,33,0,0,0,0,0,0,0,0,0,0,0,0,0,0,0,0,0,0,0,2,0,0,0,0,0,4,5,8,0,0,1,0,0,0,0,0,3,0,29,33,5,1,17,0,0,0,0,169,10,0,0,0,0,0,1,0,0,0,0,0,1,0,1,5,1,1,2,0,0,1,5,0,1,0,2,0,1,0,2,2,1,1,4,3,23,1,1733,2,324,31272
11.992,944,21,14,0,0,4,0,0,0,0,0,3,48,0,0,0,0,0,0,0,0,0,0,0,0,0,0,0,0,0,0,0,0,0,0,0,0,0,2,0,11,1,0,0,0,0,0,0,0,5,0,37,30,5,1,20,0,0,0,0,134,14,0,0,0,0,0,0,0,0,0,0,0,1,0,1,2,0,0,0,0,1,1,1,0,0,1,2,1,0,1,5,0,1,0,5,3,40,0,1292,2,410,31272
12.158,953,18,10,0,0,3,0,0,0,0,0,5,39,0,0,0,0,0,0,0,0,0,0,0,0,0,0,0,0,0,0,0,0,0,0,0,0,0,1,2,15,3,0,0,0,0,0,0,1,6,1,37,23,2,2,16,0,0,0,0,233,16,1,0,0,0,0,1,0,0,0,0,0,2,0,0,5,0,1,2,0,1,0,5,0,1,0,5,0,0,1,3,0,0,1,0,0,45,0,1554,2,600,31272
12.26,959,17,9,0,0,3,0,0,0,0,0,5,39,0,0,0,0,1,0,0,0,0,0,0,0,0,0,0,0,0,0,0,0,0,0,0,0,0,4,2,13,3,0,0,0,0,0,0,2,8,0,34,25,5,1,15,0,0,0,0,290,8,0,0,0,0,0,2,0,0,0,0,0,3,0,0,3,0,1,1,1,1,0,3,0,1,1,0,0,1,1,0,0,0,1,4,2,61,0,1288,5,534,31272
12.315,962,20,21,0,0,1,0,0,0,0,0,5,31,0,0,0,0,0,0,0,0,0,0,0,0,0,0,0,0,0,0,0,0,0,0,0,0,0,5,4,7,2,0,0,0,0,0,0,2,14,0,33,10,2,0,19,0,0,0,0,305,6,0,0,0,0,0,0,0,0,0,0,0,1,0,1,1,1,0,2,1,1,0,1,0,1,0,1,0,1,0,3,1,0,0,4,4,27,1,1664,3,621,31272
12.389,966,20,12,0,0,3,0,0,0,0,0,4,44,0,0,0,0,0,0,0,0,0,0,1,0,0,0,0,0,0,0,0,0,0,0,0,0,0,2,3,12,2,0,0,0,0,0,0,1,15,0,19,12,4,0,16,0,0,0,0,373,10,0,0,0,0,0,2,0,0,0,0,0,2,0,1,5,1,0,0,1,1,2,3,0,1,1,1,0,1,1,5,0,1,0,3,2,31,0,1406,3,700,31272
12.463,970,19,10,0,0,2,0,0,0,0,0,3,35,2,0,0,0,0,0,0,0,0,0,0,0,0,0,0,0,0,0,0,0,0,0,0,0,0,2,0,7,2,0,0,0,0,0,0,0,8,0,21,12,6,0,17,0,0,0,0,373,19,0,0,0,0,0,3,0,0,0,0,0,4,0,1,2,1,1,0,0,0,0,3,0,0,0,3,0,1,1,0,2,1,0,0,3,25,1,1706,2,541,31272
12.556,975,19,12,0,0,0,0,0,0,0,0,3,44,1,0,0,0,0,0,1,1,0,0,0,0,0,0,0,0,0,0,0,0,0,0,0,0,0,1,0,6,3,0,0,0,0,0,0,0,11,0,34,9,2,1,16,0,0,0,0,355,13,0,0,0,0,0,2,0,0,0,0,0,4,0,1,0,1,0,1,0,1,0,5,0,0,1,0,1,1,1,2,1,0,1,4,0,72,0,1454,5,637,31272
12.615,978,21,9,0,1,0,0,0,0,0,0,2,17,0,0,0,0,0,0,1,0,0,0,0,0,0,0,0,0,0,0,0,0,0,0,0,0,0,1,4,8,0,0,0,0,0,2,0,2,12,0,29,32,6,2,17,0,0,0,0,195,13,0,0,0,0,0,3,0,0,0,0,0,1,0,0,0,1,0,1,1,0,1,5,1,1,1,4,1,0,1,2,0,0,1,2,1,70,1,1783,1,410,31272
12.695,982,21,18,0,0,2,0,0,0,0,0,1,25,0,0,0,0,0,0,0,2,0,0,0,0,0,0,0,0,0,0,0,0,0,0,0,0,0,2,4,12,1,0,0,0,0,0,0,0,6,0,33,8,3,1,15,0,0,0,0,136,10,0,0,0,0,0,0,0,0,0,0,0,3,0,0,3,0,0,2,1,0,0,4,1,1,1,4,0,1,0,5,1,0,1,5,2,50,0,1673,1,328,31272
12.759,985,20,15,0,0,1,0,0,0,0,0,0,24,0,0,0,0,0,0,0,0,0,0,0,0,0,0,0,0,0,0,0,0,0,0,0,0,0,1,5,6,4,0,0,0,0,0,0,1,11,0,27,11,0,1,19,0,0,0,0,367,11,0,0,0,0,0,4,0,0,0,0,0,5,0,0,1,0,0,2,1,0,0,2,1,0,0,1,0,1,1,5,0,0,1,3,2,70,1,1315,1,547,31272
12.802,987,19,3,0,0,2,0,0,0,0,0,0,21,0,0,0,0,0,0,0,0,0,0,0,0,0,0,0,0,0,0,0,0,0,0,0,0,0,0,4,12,1,0,0,0,0,0,0,2,18,0,17,12,2,0,23,0,0,0,0,278,9,0,0,0,0,0,5,1,0,0,0,0,5,0,1,5,0,0,2,1,1,2,0,1,1,1,0,0,1,1,1,0,1,0,5,1,68,0,1437,0,774,31272
12.867,990,6,11,0,0,3,0,0,0,0,0,0,12,0,0,0,0,0,0,0,0,0,0,0,0,0,0,0,0,0,0,0,0,0,0,0,0,0,1,4,14,2,0,0,0,0,0,0,1,7,0,34,5,1,1,21,0,0,0,0,297,20,0,0,0,0,0,4,0,0,0,0,0,2,0,1,5,1,0,2,0,1,0,5,0,1,0,4,0,0,1,0,2,1,0,3,3,76,1,1382,5,681,31272
12.883,993,7,17,0,0,3,0,0,0,0,0,0,30,0,0,0,0,0,0,0,0,0,0,0,0,0,0,0,0,0,0,0,0,0,0,0,0,0,0,1,13,0,0,0,0,0,0,0,1,15,0,25,9,3,0,18,0,0,0,0,360,15,0,0,0,0,0,4,0,0,0,0,0,4,0,1,0,1,0,1,0,0,0,4,0,0,1,4,0,1,1,4,0,1,0,0,1,78,0,1784,1,1280,31272
12.902,997,7,8,0,0,3,0,0,0,0,0,0,12,0,0,0,0,0,0,0,0,0,0,0,0,0,0,0,0,0,0,0,0,0,2,0,0,0,0,3,10,1,0,0,0,0,0,0,0,7,0,40,10,0,1,15,0,0,0,0,372,18,0,0,0,0,0,5,0,0,0,0,0,0,0,0,0,1,0,0,0,0,0,0,0,1,0,4,1,0,0,5,1,0,1,5,5,72,0,1597,3,412,31272
12.924,1001,7,10,0,0,1,0,0,0,0,0,0,20,0,0,0,0,0,1,0,1,0,0,0,0,0,0,0,0,0,0,0,0,0,1,0,0,0,0,0,19,4,0,0,0,0,0,0,2,9,0,44,7,2,1,22,0,0,0,0,451,14,0,0,0,0,0,3,0,0,0,0,0,4,0,0,0,1,0,0,0,1,2,4,0,1,1,2,0,0,0,2,1,0,1,2,0,90,1,1528,4,325,31272
12.947,1005,8,6,0,0,1,0,0,0,0,0,0,18,0,0,0,0,0,0,0,0,0,0,0,0,0,0,0,0,0,0,0,0,0,4,0,0,0,0,2,18,2,0,0,0,0,0,0,0,16,0,28,8,6,1,19,0,0,0,0,417,20,0,0,0,0,0,1,0,0,0,0,0,1,0,0,2,0,1,2,0,1,0,3,1,1,0,1,1,0,1,0,0,1,1,4,3,117,1,1750,5,415,31272
12.97,1009,7,8,0,0,2,0,0,0,0,0,0,20,0,0,0,0,0,0,0,0,0,0,0,0,0,0,0,0,0,0,0,0,0,0,0,0,0,0,0,18,4,0,0,0,0,0,0,1,8,0,15,10,5,2,19,0,0,0,0,424,10,0,0,0,0,0,0,0,0,0,0,0,5,0,1,2,1,1,2,0,0,0,0,0,1,0,0,0,0,1,5,0,1,0,1,1,86,0,1736,2,350,31272
12.99,1012,9,11,0,0,1,0,0,0,0,0,1,28,0,0,1,0,0,0,0,0,0,0,0,0,0,0,0,0,0,0,0,1,0,4,0,0,0,0,0,18,0,0,0,0,0,0,0,0,17,0,32,11,0,1,23,0,0,0,0,218,4,0,0,0,0,0,5,0,0,0,0,0,2,0,1,2,1,1,0,1,1,1,1,1,0,1,0,0,1,0,1,1,0,1,2,1,90,0,1259,5,589,31272
13.008,1015,10,26,0,0,0,0,0,0,0,0,0,10,0,0,0,0,0,0,0,0,0,0,0,0,0,0,0,0,0,0,0,0,0,3,0,0,0,0,2,17,2,0,0,0,0,0,0,0,13,0,43,16,5,1,13,0,0,0,0,150,4,1,0,0,0,0,0,0,0,0,0,0,3,0,0,5,0,1,2,0,1,0,1,0,0,0,2,0,1,1,2,2,0,0,2,4,95,1,1490,5,1741,31272
13.027,1018,8,8,0,0,4,0,0,0,0,0,0,22,0,0,0,0,0,0,0,3,0,0,0,0,0,0,0,0,0,0,0,0,0,1,0,0,0,0,0,17,3,0,0,0,0,0,0,0,1,0,23,8,2,1,4,0,0,0,0,316,4,0,0,0,0,1,4,0,0,0,0,0,1,0,0,5,1,0,2,0,0,0,3,0,1,1,4,1,0,0,5,2,1,0,5,4,93,0,1524,2,714,31272
13.042,1021,2,19,0,0,1,0,0,0,0,0,0,24,0,0,0,0,0,0,2,0,0,0,1,0,0,0,0,0,0,0,0,0,0,1,0,0,0,0,2,15,2,0,0,0,0,0,0,0,5,0,103,9,6,2,8,0,0,0,0,419,9,0,0,0,0,0,2,0,0,0,0,0,4,0,1,3,1,0,0,0,0,2,1,0,0,0,1,0,1,1,0,0,0,0,3,5,78,0,900,5,874,31272
13.055,1025,2,5,0,0,1,0,0,0,0,0,0,4,0,0,2,0,0,0,0,0,0,0,0,0,0,0,0,0,0,0,0,0,0,7,0,0,0,0,5,19,3,0,0,0,0,0,0,1,6,0,105,12,1,1,10,0,0,0,0,164,4,0,0,0,0,0,5,0,0,0,0,0,5,0,1,5,0,0,0,0,1,2,4,0,0,0,1,1,0,0,0,0,0,0,5,1,97,1,890,1,354,31272
13.063,1028,3,4,0,0,5,0,0,0,0,0,0,0,1,0,0,0,0,0,0,0,0,0,0,0,0,0,0,0,0,0,0,0,0,10,0,0,0,0,2,20,0,0,0,0,0,1,0,1,5,0,125,11,0,1,22,0,0,0,0,367,12,0,0,0,0,0,2,1,0,0,0,0,4,0,1,2,0,1,2,0,1,2,1,1,1,0,2,0,1,1,5,1,0,0,2,3,83,0,900,2,828,31272
13.073,1031,4,9,0,0,5,0,0,0,0,0,1,0,0,0,0,0,0,0,0,0,0,0,0,0,0,0,0,0,0,0,0,0,0,5,0,0,0,0,3,15,2,0,0,0,0,0,0,0,4,0,131,8,6,0,8,0,0,0,0,186,8,0,0,0,0,0,4,0,0,0,0,0,1,0,0,4,0,1,0,0,1,2,4,0,1,0,0,1,1,1,4,2,1,1,2,1,97,1,981,3,415,31272
13.082,1034,4,11,0,0,5,0,0,0,0,0,0,0,0,0,2,0,0,0,0,0,0,0,0,0,0,0,0,0,0,0,0,0,0,10,0,0,0,0,5,19,0,0,0,0,0,0,0,2,3,0,134,9,4,0,4,0,0,0,0,386,9,0,0,0,0,0,3,0,0,0,0,0,1,0,1,3,0,0,0,0,1,1,2,1,1,0,0,0,0,1,4,2,1,0,2,3,84,1,830,2,672,31272
13.092,1037,3,9,0,0,4,0,0,0,0,0,0,6,0,0,0,0,0,0,0,0,0,2,0,0,0,0,0,0,0,0,0,0,0,9,0,0,0,0,2,18,3,0,0,0,0,0,0,0,4,0,136,2,6,2,23,0,0,0,0,224,5,0,0,0,0,0,2,0,0,0,0,0,4,0,1,0,0,1,2,0,1,0,1,1,1,0,1,0,0,0,0,0,0,1,4,4,93,1,880,4,574,31272
13.104,1041,4,10,0,0,0,0,0,0,0,0,0,1,0,0,0,0,0,0,0,0,0,0,0,0,0,0,0,0,0,0,0,0,0,6,0,0,0,0,0,17,2,0,0,0,0,0,0,1,0,0,118,3,0,0,8,0,0,0,0,137,3,0,0,0,0,0,3,0,0,0,0,0,5,0,1,0,1,0,1,0,1,0,3,0,1,1,2,0,1,0,5,0,1,0,2,0,122,0,883,3,625,31272
13.116,1045,2,16,0,0,3,0,0,0,0,0,0,2,0,0,0,0,0,0,0,0,0,0,0,0,0,0,0,0,0,0,0,0,0,6,0,0,0,0,3,16,2,0,0,0,0,0,0,1,1,0,136,8,1,0,2,0,0,0,0,353,8,0,0,0,0,0,0,0,0,0,0,0,0,0,1,4,1,1,2,0,1,2,5,1,1,0,0,0,1,1,1,2,0,0,2,0,104,0,882,5,846,31272
13.131,1050,3,8,0,0,5,0,0,0,0,0,0,8,0,0,0,0,0,0,1,0,0,0,0,0,0,0,0,0,0,0,0,0,0,8,0,0,0,0,4,17,0,0,0,0,0,0,0,2,1,0,110,6,5,1,16,0,0,0,0,231,6,0,0,0,0,0,4,0,0,0,0,0,5,0,1,3,0,0,1,1,1,0,5,1,1,0,4,1,1,0,3,0,0,0,5,0,71,1,910,3,417,31272
13.151,1056,3,7,0,0,2,0,0,0,0,0,0,4,0,0,0,0,0,0,1,0,0,0,0,0,0,0,0,0,0,0,0,1,0,9,0,0,0,0,3,15,1,0,0,0,0,0,0,1,1,1,120,1,0,0,24,0,0,0,0,373,9,0,0,0,0,0,3,0,0,0,0,0,5,0,0,0,0,1,2,0,0,2,3,1,1,0,1,0,0,0,3,0,0,1,2,5,73,1,948,2,240,31272
13.165,1060,3,11,0,0,3,0,0,0,0,0,0,6,0,0,1,0,0,0,0,1,0,0,0,0,0,0,0,0,0,0,0,0,0,7,0,0,0,0,4,16,4,0,0,0,0,0,0,2,3,0,106,6,6,1,8,0,0,0,0,183,5,0,0,0,0,0,2,0,0,0,0,0,4,0,0,1,1,1,2,0,1,2,5,1,1,1,5,1,0,1,2,1,1,0,3,0,103,0,962,0,321,31272
13.178,1064,3,9,0,0,5,0,0,0,0,0,0,2,0,0,0,0,0,0,0,0,0,0,0,0,0,0,0,0,0,0,0,0,0,6,0,0,0,0,2,16,3,0,0,0,0,0,0,2,5,0,131,8,5,0,7,0,0,0,0,425,5,1,0,0,0,0,3,1,0,0,0,0,3,0,1,3,1,1,2,1,0,1,4,1,1,1,4,0,1,0,1,0,0,1,3,2,124,0,910,5,145,31272
13.205,1072,3,18,0,0,4,0,0,0,0,0,0,6,0,0,0,0,0,0,0,0,0,0,0,0,0,0,0,0,0,0,0,0,0,10,0,0,0,0,5,19,1,0,0,0,0,0,0,1,6,0,133,19,3,2,6,0,0,0,0,248,8,0,0,0,0,0,4,0,0,0,0,0,0,0,1,1,0,0,0,1,1,0,3,1,1,0,2,0,1,1,4,1,1,0,3,5,95,0,962,0,1649,31272
13.234,1081,3,14,0,0,0,0,0,0,0,0,0,4,0,0,0,0,0,0,0,1,0,0,0,0,0,0,0,0,0,0,0,0,0,7,0,0,0,0,5,17,2,0,0,0,0,0,0,0,4,0,99,20,3,1,5,0,0,0,0,392,4,0,0,0,0,0,5,0,0,0,0,0,2,0,1,0,0,1,1,0,1,1,5,1,1,1,1,0,0,1,0,1,1,0,3,0,77,0,955,4,458,31272
13.264,1091,3,7,0,0,4,0,0,0,0,0,0,0,0,0,0,0,0,0,0,0,0,0,0,0,0,0,0,0,0,0,0,0,0,5,0,0,0,0,2,17,1,0,1,0,0,0,0,0,3,0,128,16,4,0,4,0,0,0,0,446,11,0,0,0,0,0,0,0,0,0,0,0,0,0,1,2,0,1,1,0,0,1,0,0,1,1,2,0,1,0,5,1,0,0,2,1,66,1,987,5,421,31272
13.286,1098,4,5,0,0,4,0,0,0,0,0,0,1,0,0,0,0,0,0,0,0,0,0,0,0,0,0,0,0,0,0,0,0,0,7,0,0,0,0,1,16,2,0,0,0,0,0,0,2,0,0,108,5,0,2,4,0,0,0,0,450,8,0,0,0,0,0,3,0,0,0,0,0,1,0,1,3,1,1,1,1,0,0,4,0,0,0,3,1,1,1,4,2,1,0,5,3,37,0,938,0,458,31272
13.302,1103,3,8,0,0,1,0,0,0,0,0,0,4,0,0,0,0,0,0,0,0,0,0,0,0,0,0,0,0,0,0,0,0,0,6,0,0,0,0,5,15,3,0,0,0,0,0,0,0,4,0,144,21,6,0,20,0,0,0,0,330,0,0,0,0,0,0,0,0,0,0,0,0,3,0,0,0,0,0,0,1,1,2,0,0,0,0,4,1,1,1,0,2,0,1,2,1,63,1,920,5,426,31272
13.324,1110,4,10,0,0,4,0,0,0,0,0,0,2,0,0,0,0,0,0,0,0,0,0,0,0,0,0,0,0,0,0,0,0,0,6,0,0,0,0,3,17,0,0,0,0,0,0,0,1,3,0,90,14,1,1,16,0,0,0,0,225,8,0,0,0,0,0,4,0,0,0,0,0,4,0,0,5,1,1,0,1,0,2,5,1,1,0,3,1,1,0,2,2,1,1,1,1,39,0,967,5,1703,31272
13.359,1116,5,8,0,0,4,0,0,0,0,0,0,3,0,0,0,0,0,0,0,0,0,0,0,0,0,0,0,0,0,0,0,0,0,10,0,0,0,0,5,19,3,0,0,0,0,0,0,1,0,0,127,11,1,1,23,0,0,0,0,319,10,0,0,0,0,0,0,0,0,0,0,0,3,0,1,0,0,0,0,0,1,2,0,0,0,1,1,0,1,0,5,2,0,0,3,1,71,1,978,3,845,31272
13.379,1119,4,5,0,0,4,0,0,0,0,0,0,2,0,0,0,0,0,0,0,2,0,2,0,0,0,0,0,0,0,0,0,2,0,5,0,0,0,0,1,19,4,0,0,0,0,0,0,1,0,0,101,8,0,0,20,0,0,0,0,193,12,0,0,0,0,0,2,0,0,0,0,0,0,0,0,1,1,1,1,0,0,2,5,0,1,0,5,1,1,0,0,2,0,1,3,3,34,0,968,3,758,31272
13.397,1122,5,15,0,0,1,0,0,0,0,0,0,0,0,0,0,1,0,0,0,0,0,0,0,0,0,0,0,0,0,0,0,0,0,5,0,0,0,1,5,15,0,0,0,0,0,0,0,0,3,0,111,17,4,0,19,0,0,0,0,406,11,0,0,0,0,0,0,1,0,0,0,0,4,0,0,5,0,0,0,1,0,0,0,0,0,0,2,0,1,1,1,2,0,0,0,2,24,1,887,2,856,31272
13.425,1127,5,9,0,0,2,0,0,0,0,0,0,0,0,0,0,0,0,0,0,0,0,0,1,0,0,0,0,0,0,0,0,0,0,6,0,0,0,1,3,15,0,0,0,0,0,1,0,2,4,0,94,18,5,1,13,0,0,0,0,332,3,0,0,0,0,0,5,0,0,0,0,0,4,0,1,1,1,0,2,1,1,0,3,1,0,1,3,0,0,0,3,2,0,0,3,4,65,0,885,2,569,31272
13.447,1131,4,14,0,0,5,0,0,0,0,0,0,0,0,0,0,0,0,0,0,0,0,0,0,0,0,0,0,0,0,0,0,0,0,5,0,0,0,0,2,16,1,0,0,0,0,0,0,2,2,0,108,15,5,1,4,0,0,0,0,301,14,0,0,0,0,0,1,0,0,0,0,0,1,0,0,0,1,0,0,0,0,0,3,0,1,0,0,0,1,0,1,2,0,0,0,0,70,0,904,4,741,31272
13.474,1136,5,17,0,0,2,0,0,0,0,0,0,0,0,0,0,0,0,0,1,0,0,0,0,0,0,0,0,0,0,0,0,0,0,9,0,0,0,0,5,17,4,0,0,0,0,0,0,2,1,0,98,12,1,2,14,0,0,0,0,413,13,0,0,0,0,0,2,0,0,0,0,0,2,0,0,0,0,1,1,1,0,2,3,1,0,0,2,0,0,0,1,2,0,0,2,0,52,0,971,5,721,31272
13.49,1139,5,21,0,0,1,0,0,0,0,0,0,0,0,0,0,0,0,0,0,0,0,0,0,0,0,0,0,0,0,0,0,0,0,10,0,0,0,0,1,17,4,0,0,0,0,0,0,2,4,0,97,0,6,1,20,0,0,0,0,410,35,0,0,0,0,0,3,0,0,0,0,0,4,0,1,2,0,0,1,1,1,0,2,1,1,1,4,0,1,1,4,1,1,0,3,0,61,0,979,5,852,31272
13.518,1143,8,0,0,0,4,0,0,0,0,0,0,0,1,0,0,0,0,0,0,0,0,0,0,0,0,0,0,0,0,0,0,0,0,8,0,0,0,0,2,18,4,0,0,0,0,0,0,1,4,0,125,5,5,0,22,0,0,0,0,319,33,0,0,0,0,0,2,0,0,0,0,0,0,0,1,5,0,0,0,1,0,1,1,1,1,0,2,1,0,0,2,1,1,0,4,0,57,1,945,1,697,31272
13.574,1150,6,0,0,0,2,0,0,0,0,0,0,0,0,0,0,0,0,0,0,0,0,0,0,0,0,0,0,0,0,0,0,0,0,5,0,0,0,0,2,19,3,0,0,0,0,0,0,0,3,0,108,17,0,2,0,0,0,0,0,411,16,0,0,0,0,0,2,0,0,0,0,0,3,0,0,2,1,0,1,0,1,0,0,0,0,1,4,0,0,1,5,2,0,0,1,4,74,0,930,3,745,31272
13.7,1166,7,0,0,0,1,0,0,0,0,0,0,0,0,0,0,0,0,0,0,0,0,2,0,0,0,0,0,0,0,0,0,0,0,8,0,0,0,0,2,20,1,0,0,0,0,0,0,0,0,1,92,21,6,0,23,0,0,0,0,349,14,0,0,0,0,0,2,0,0,0,0,0,4,0,1,4,0,1,1,1,1,1,0,1,0,1,3,1,1,0,0,0,0,0,1,0,37,0,945,1,869,31272
